product_name,category,marketplace_region,currency,price,cost,weight_kg,length_cm,width_cm,height_cm,referral_fee_pct,rating,num_reviews,competition,listing_score,returns_rate,ads_spend_pct,keyword_volume,monthly_sales,monthly_profit,net_margin,is_profitable
Mechanical Keyboard Combo,Consumer Electronics,IN,INR,2435.35,834.37,1.34,21.2,8.4,3.8,0.08,4.9,381,3,8,0.08,0.118,4841,751,533851.64,0.2919,1
Prestige Mixer Grinder 750W,Home & Kitchen,US,USD,31.81,7.24,0.6,19.5,11.8,5.6,0.11,4.1,868,1,8,0.06,0.076,23031,639,7966.13,0.3919,1
Power Bank 20000mAh,Consumer Electronics,UAE,AED,66.6,18.46,1.1,9.0,7.8,3.8,0.08,4.2,2079,4,7,0.08,0.081,11069,152,4063.73,0.4014,1
iPhone 20W USB-C Fast Charger Adapter,Consumer Electronics,IN,INR,740.27,249.03,0.53,22.6,11.2,7.3,0.08,4.0,5589,2,8,0.08,0.104,33030,1068,197123.58,0.2493,1
Protein Shaker Bottle 700ml,Sports & Fitness,US,USD,6.99,2.36,0.23,12.3,6.3,4.1,0.1,4.0,2996,1,7,0.05,0.075,12453,532,760.76,0.2046,1
Microfiber Cleaning Cloths (6 Pack),Home & Kitchen,UAE,AED,23.67,5.0,1.78,25.0,9.8,3.0,0.11,4.6,2308,4,9,0.06,0.104,7714,159,649.85,0.1727,1
Minimalist Sunscreen SPF 50,Beauty & Personal Care,US,USD,6.99,2.3,1.15,15.3,6.6,4.1,0.09,4.8,1872,3,6,0.04,0.112,3283,600,1266.0,0.3019,1
Microfiber Cleaning Cloths (6 Pack),Home & Kitchen,IN,INR,527.24,149.84,1.41,18.9,12.7,7.1,0.11,4.4,916,4,7,0.06,0.086,5514,496,47358.52,0.1811,1
Nike Air Running Shoes,Apparel & Fashion,EU,EUR,43.56,13.65,0.47,9.7,7.1,3.7,0.15,4.7,2791,2,8,0.12,0.063,12351,1301,12163.26,0.2146,1
iPhone 20W USB-C Fast Charger Adapter,Consumer Electronics,EU,EUR,18.33,6.13,0.63,10.4,7.0,4.7,0.08,4.5,360,4,8,0.08,0.086,5016,252,511.18,0.1107,0
Puma Premium Cotton T-Shirt,Apparel & Fashion,IN,INR,582.91,146.1,1.7,15.1,10.7,8.4,0.15,4.5,5273,3,7,0.12,0.068,6511,621,67442.72,0.1863,1
Wooden Educational Puzzle,Toys & Games,IN,INR,477.18,98.08,1.13,19.1,6.7,4.0,0.095,4.3,584,1,8,0.06,0.084,5380,1184,148260.27,0.2624,1
Smart Watch Fitness Tracker,Consumer Electronics,UK,GBP,31.94,10.04,0.49,24.0,12.6,9.1,0.08,4.6,491,3,10,0.08,0.108,4390,353,2369.09,0.2101,1
Polarized UV Sunglasses,Apparel & Fashion,UAE,AED,27.88,8.05,1.25,8.4,7.2,4.0,0.15,4.1,2111,2,8,0.12,0.077,3571,993,4187.02,0.1512,1
Gaming Mouse RGB,Consumer Electronics,IN,INR,1376.49,298.73,1.67,27.3,11.5,8.6,0.08,4.5,1481,2,9,0.08,0.067,33351,306,170958.98,0.4059,1
Apple AirPods Pro Wireless Charging Case,Consumer Electronics,EU,EUR,52.2,15.4,0.66,15.7,13.0,12.0,0.08,4.5,1890,1,8,0.08,0.056,33535,483,8207.11,0.3255,1
Adidas Training Trackpants,Apparel & Fashion,UK,GBP,17.31,3.49,0.25,22.6,6.1,3.5,0.15,5.0,1933,3,8,0.12,0.066,5291,881,3006.22,0.1971,1
Puma Premium Cotton T-Shirt,Apparel & Fashion,US,USD,8.65,2.7,1.2,26.7,19.6,12.4,0.15,4.3,812,2,7,0.12,0.067,8491,986,2829.82,0.3318,1
LEGO Classic Building Blocks Set,Toys & Games,EU,EUR,23.06,7.36,0.94,20.7,13.2,5.0,0.095,4.1,386,2,9,0.06,0.095,40995,263,840.66,0.1386,1
Rubik's Speed Cube 3x3,Toys & Games,UAE,AED,21.38,7.21,0.72,8.3,8.1,5.2,0.095,4.3,1079,2,8,0.06,0.11,4100,460,605.4,0.0616,0
Nivea Soft Moisturizing Cream,Beauty & Personal Care,UK,GBP,6.99,2.38,1.28,20.5,7.4,5.7,0.09,4.7,2375,2,8,0.04,0.099,7736,1056,1700.16,0.2303,1
Apple AirPods Pro Wireless Charging Case,Consumer Electronics,EU,EUR,49.7,15.98,1.57,28.1,17.3,10.2,0.08,4.6,2165,1,9,0.08,0.106,7274,1504,17188.95,0.23,1
Nivea Soft Moisturizing Cream,Beauty & Personal Care,EU,EUR,6.99,1.5,1.07,8.8,7.3,5.3,0.09,4.6,396,1,6,0.04,0.053,7752,1100,1551.0,0.2017,1
Cosco Badminton Racket Set,Sports & Fitness,US,USD,15.78,4.98,0.45,21.7,7.3,3.2,0.1,5.0,1871,2,10,0.05,0.101,11668,1503,3791.2,0.1598,1
Beard Growth Oil,Beauty & Personal Care,UK,GBP,6.99,2.23,0.55,17.7,6.9,3.1,0.09,4.2,635,4,9,0.04,0.061,12655,177,373.47,0.3019,1
Nike Air Running Shoes,Apparel & Fashion,US,USD,59.97,14.51,1.72,24.2,16.1,11.0,0.15,3.9,1010,2,7,0.12,0.103,3227,162,3479.95,0.3582,1
Cosco Badminton Racket Set,Sports & Fitness,UAE,AED,33.08,6.82,1.55,23.5,14.3,4.1,0.1,3.5,635,4,6,0.05,0.08,14894,162,1714.67,0.32,1
Nivea Soft Moisturizing Cream,Beauty & Personal Care,UAE,AED,19.28,3.99,0.72,21.8,13.9,12.3,0.09,4.1,459,2,8,0.04,0.095,13838,167,542.88,0.1686,1
Resistance Loop Bands Set,Sports & Fitness,US,USD,9.19,2.63,0.75,22.2,13.4,8.7,0.1,4.4,5223,1,8,0.05,0.113,2506,571,1033.51,0.197,1
iPhone Tempered Glass Screen Protector (2 Pack),Consumer Electronics,IN,INR,304.47,65.21,1.25,9.6,7.1,6.5,0.08,4.2,2139,2,7,0.08,0.094,20096,990,38532.84,0.1278,1
Boldfit Yoga Mat (6mm),Sports & Fitness,UK,GBP,12.24,2.97,0.39,24.5,20.9,20.7,0.1,3.9,2596,4,6,0.05,0.074,28867,459,629.08,0.112,0
Resistance Loop Bands Set,Sports & Fitness,UK,GBP,6.99,2.19,1.38,10.3,9.9,6.5,0.1,4.2,3738,3,9,0.05,0.077,34510,165,226.05,0.196,1
Gaming Mouse RGB,Consumer Electronics,UAE,AED,59.04,20.22,1.72,20.6,15.2,8.5,0.08,4.1,2024,1,6,0.08,0.103,23323,1079,18639.9,0.2926,1
Sport Socks (3 Pack),Apparel & Fashion,UAE,AED,11.92,3.27,0.18,20.1,12.2,11.2,0.15,4.2,581,3,7,0.12,0.103,2992,470,1090.4,0.1946,1
Adidas Training Trackpants,Apparel & Fashion,IN,INR,2020.55,426.16,1.49,23.5,7.4,3.4,0.15,4.7,4763,2,7,0.12,0.119,8108,1214,779380.73,0.3177,1
Mechanical Keyboard Combo,Consumer Electronics,UK,GBP,15.81,5.01,1.04,17.3,16.2,4.5,0.08,4.3,1298,3,7,0.08,0.054,3250,222,407.21,0.116,0
LED Desk Lamp with Wireless Charging,Home & Kitchen,UAE,AED,66.37,20.7,1.08,29.2,14.7,6.3,0.11,4.3,5304,1,8,0.06,0.051,2117,1574,38544.95,0.369,1
Bubble Gun Blaster,Toys & Games,EU,EUR,6.99,1.95,1.79,9.6,8.0,7.8,0.095,5.0,2134,2,8,0.06,0.082,13789,1082,2521.06,0.3333,1
Nike Air Running Shoes,Apparel & Fashion,US,USD,28.5,6.9,1.71,27.6,15.8,10.9,0.15,4.1,1284,1,7,0.12,0.075,2632,805,6634.73,0.2892,1
Adidas Training Trackpants,Apparel & Fashion,UAE,AED,107.81,37.51,1.28,19.8,10.3,8.9,0.15,4.1,3977,1,8,0.12,0.108,19610,1359,40696.32,0.2778,1
Puma Premium Cotton T-Shirt,Apparel & Fashion,IN,INR,928.39,243.92,1.68,27.1,7.0,3.1,0.15,4.8,6896,2,7,0.12,0.061,8212,1104,266308.02,0.2598,1
LED Desk Lamp with Wireless Charging,Home & Kitchen,IN,INR,1865.91,608.88,1.52,18.3,11.1,5.2,0.11,4.4,2547,1,8,0.06,0.116,5478,1354,662190.46,0.2621,1
Wooden Educational Puzzle,Toys & Games,IN,INR,551.74,121.04,1.72,21.3,9.5,7.4,0.095,3.9,530,1,9,0.06,0.097,22217,588,74139.41,0.2285,1
Prestige Mixer Grinder 750W,Home & Kitchen,UAE,AED,155.76,51.06,1.03,20.3,18.5,9.3,0.11,4.6,2176,4,9,0.06,0.065,1705,191,12161.02,0.4088,1
Milton Insulated Water Bottle 1L,Home & Kitchen,UAE,AED,26.61,7.68,0.75,17.6,16.5,7.7,0.11,4.9,1107,4,8,0.06,0.094,43306,607,2891.08,0.179,1
Decathlon Rubber Dumbbells Set (5kg),Sports & Fitness,US,USD,12.98,4.4,0.93,13.7,9.5,9.4,0.1,3.8,1855,3,7,0.05,0.067,3431,159,178.67,0.0866,0
Hot Wheels Remote Control Car,Toys & Games,UK,GBP,8.82,1.96,0.32,22.1,8.9,5.0,0.095,4.4,2001,4,9,0.06,0.062,2084,201,56.63,0.0319,0
Maybelline Matte Liquid Lipstick,Beauty & Personal Care,UAE,AED,18.64,4.51,0.38,10.0,6.5,4.6,0.09,4.2,1400,2,6,0.04,0.098,23990,218,519.52,0.1278,1
MacBook Air Aluminium Stand,Consumer Electronics,US,USD,23.11,4.91,1.58,28.3,7.4,4.2,0.08,4.6,655,1,8,0.08,0.065,10777,673,5607.77,0.3606,1
Decathlon Rubber Dumbbells Set (5kg),Sports & Fitness,UAE,AED,74.68,19.07,0.88,24.4,6.7,3.9,0.1,4.6,1425,2,8,0.05,0.087,9804,332,10248.72,0.4134,1
Mechanical Keyboard Combo,Consumer Electronics,IN,INR,2830.54,669.06,0.54,16.3,6.2,4.0,0.08,4.2,541,1,6,0.08,0.112,17412,752,857163.41,0.4027,1
iPhone 15 Pro Max Clear MagSafe Case,Consumer Electronics,US,USD,17.47,4.8,0.23,19.8,14.1,11.3,0.08,4.1,850,3,7,0.08,0.075,13340,490,2302.24,0.2689,1
Decathlon Rubber Dumbbells Set (5kg),Sports & Fitness,IN,INR,1361.93,473.92,1.12,13.2,6.7,3.6,0.1,4.2,659,3,7,0.05,0.07,33290,223,87683.8,0.2887,1
LED Desk Lamp with Wireless Charging,Home & Kitchen,UK,GBP,8.22,2.29,0.79,29.6,8.6,5.2,0.11,4.2,631,2,8,0.06,0.097,12891,872,1988.16,0.2774,1
Resistance Loop Bands Set,Sports & Fitness,UAE,AED,20.83,6.57,0.4,15.1,9.9,6.5,0.1,4.3,1764,2,7,0.05,0.07,3847,737,1798.43,0.1171,0
Mamaearth Vitamin C Face Serum,Beauty & Personal Care,UK,GBP,6.99,1.96,0.17,15.4,7.3,3.3,0.09,4.2,2066,1,8,0.04,0.103,10429,914,1599.5,0.2504,1
Wooden Educational Puzzle,Toys & Games,IN,INR,505.99,171.75,1.51,29.2,8.9,7.3,0.095,4.4,1631,3,7,0.06,0.109,23704,255,14393.18,0.1116,0
L'Oreal Hair Repair Shampoo & Conditioner,Beauty & Personal Care,UK,GBP,6.99,1.57,0.36,25.9,19.2,11.5,0.09,4.7,1097,1,7,0.04,0.107,8123,848,1534.88,0.2589,1
Samsung Galaxy S24 Armor Cover,Consumer Electronics,IN,INR,740.1,231.02,0.94,13.1,12.4,6.6,0.08,4.7,1818,3,8,0.08,0.058,15333,962,210885.29,0.2962,1
Prestige Mixer Grinder 750W,Home & Kitchen,IN,INR,3069.75,678.08,1.45,21.6,14.3,13.1,0.11,4.3,910,2,8,0.06,0.067,1977,809,1051244.28,0.4233,1
Mamaearth Vitamin C Face Serum,Beauty & Personal Care,UAE,AED,27.5,8.65,1.59,15.5,13.8,4.2,0.09,4.8,593,4,7,0.04,0.066,19323,462,2391.45,0.1882,1
Adidas Training Trackpants,Apparel & Fashion,US,USD,22.91,6.97,1.01,13.5,8.6,4.0,0.15,4.5,1118,2,9,0.12,0.082,3830,1107,5129.62,0.2023,1
Charcoal Deep Cleansing Face Wash,Beauty & Personal Care,IN,INR,395.56,109.13,1.13,8.4,8.1,7.8,0.09,4.9,4186,1,8,0.04,0.1,13521,617,36892.38,0.1512,1
Bubble Gun Blaster,Toys & Games,IN,INR,481.01,126.8,1.35,28.6,26.9,13.8,0.095,5.0,1113,1,8,0.06,0.054,24233,809,89402.68,0.2297,1
Prestige Mixer Grinder 750W,Home & Kitchen,IN,INR,2211.04,552.82,0.76,19.8,18.7,8.4,0.11,4.8,1252,4,7,0.06,0.066,3625,367,322175.91,0.397,1
Mamaearth Vitamin C Face Serum,Beauty & Personal Care,UK,GBP,6.99,1.92,0.8,28.1,14.0,9.4,0.09,4.1,5218,4,8,0.04,0.06,2748,303,739.32,0.3491,1
Wonderchef Non-Stick Tawa,Home & Kitchen,IN,INR,1100.76,318.46,0.2,24.5,9.9,9.2,0.11,4.2,405,1,7,0.06,0.083,2451,692,240966.72,0.3163,1
Adidas Training Trackpants,Apparel & Fashion,UK,GBP,19.81,5.31,0.98,17.7,10.7,7.3,0.15,4.3,3318,3,7,0.12,0.116,5920,443,760.82,0.0867,0
Bubble Gun Blaster,Toys & Games,UK,GBP,6.99,1.83,0.12,11.4,9.9,7.5,0.095,4.6,379,4,6,0.06,0.057,4253,427,866.81,0.2904,1
Milton Insulated Water Bottle 1L,Home & Kitchen,US,USD,6.99,1.5,0.5,23.9,21.3,18.2,0.11,4.9,694,2,6,0.06,0.071,1683,1170,1591.2,0.1946,1
Protein Shaker Bottle 700ml,Sports & Fitness,IN,INR,382.15,77.95,0.39,20.8,12.2,11.2,0.1,4.2,800,1,9,0.05,0.077,5868,795,82699.04,0.2722,1
iPhone 15 Pro Max Clear MagSafe Case,Consumer Electronics,EU,EUR,14.13,3.69,1.03,17.6,9.4,9.1,0.08,4.2,3392,4,8,0.08,0.084,24022,533,737.45,0.0979,0
Decathlon Rubber Dumbbells Set (5kg),Sports & Fitness,UAE,AED,63.67,12.95,0.54,19.9,14.8,6.0,0.1,4.5,6590,1,7,0.05,0.087,5950,578,16540.17,0.4494,1
iPhone Tempered Glass Screen Protector (2 Pack),Consumer Electronics,UAE,AED,13.36,4.5,0.28,20.7,10.0,6.9,0.08,4.7,696,1,8,0.08,0.051,33738,427,1874.53,0.3286,1
Gaming Mouse RGB,Consumer Electronics,UAE,AED,76.11,22.08,1.22,11.9,11.4,6.5,0.08,4.5,422,2,5,0.08,0.062,2709,782,25095.63,0.4216,1
Power Bank 20000mAh,Consumer Electronics,UK,GBP,20.04,4.75,0.75,14.4,9.0,7.3,0.08,4.6,1319,2,5,0.08,0.096,19964,1173,5216.28,0.2219,1
Boldfit Yoga Mat (6mm),Sports & Fitness,UAE,AED,34.76,7.11,0.53,21.1,6.8,4.9,0.1,3.9,2560,1,9,0.05,0.057,19737,291,3845.59,0.3802,1
Bubble Gun Blaster,Toys & Games,UK,GBP,6.99,2.12,0.83,13.4,12.1,10.3,0.095,4.1,1688,3,9,0.06,0.075,36397,193,274.06,0.2031,1
Microfiber Cleaning Cloths (6 Pack),Home & Kitchen,EU,EUR,6.99,1.87,0.4,19.9,18.1,14.1,0.11,4.6,2117,3,9,0.06,0.109,10911,379,576.08,0.2175,1
Adidas Training Trackpants,Apparel & Fashion,US,USD,29.52,10.08,0.15,23.5,22.2,6.5,0.15,4.6,401,2,8,0.12,0.099,37651,436,2697.44,0.2096,1
Nivea Soft Moisturizing Cream,Beauty & Personal Care,EU,EUR,6.99,2.39,0.9,27.0,23.7,9.6,0.09,4.0,542,1,8,0.04,0.055,7314,769,1630.28,0.3033,1
Minimalist Sunscreen SPF 50,Beauty & Personal Care,IN,INR,371.87,91.96,1.01,25.4,12.2,8.8,0.09,4.5,747,1,9,0.04,0.052,1800,1218,98822.41,0.2182,1
Decathlon Rubber Dumbbells Set (5kg),Sports & Fitness,IN,INR,2036.11,568.77,1.7,25.6,25.6,10.9,0.1,4.2,1330,3,9,0.05,0.094,59465,694,474366.88,0.3357,1
Levi's Slim Fit Stretch Jeans,Apparel & Fashion,US,USD,37.97,9.97,0.8,24.2,10.3,3.8,0.15,4.0,877,2,6,0.12,0.066,1752,187,2442.07,0.3439,1
Nike Air Running Shoes,Apparel & Fashion,EU,EUR,70.84,18.71,0.74,23.0,9.7,9.4,0.15,4.7,4693,4,7,0.12,0.083,4058,518,10190.43,0.2777,1
Hot Wheels Remote Control Car,Toys & Games,UAE,AED,87.21,20.47,1.7,22.3,15.9,9.6,0.095,4.2,723,1,7,0.06,0.063,7533,967,39567.88,0.4692,1
Sport Socks (3 Pack),Apparel & Fashion,UAE,AED,11.56,3.99,1.6,28.4,28.3,7.4,0.15,4.8,2136,1,7,0.12,0.061,5058,1525,3843.0,0.218,1
Levi's Slim Fit Stretch Jeans,Apparel & Fashion,US,USD,31.91,9.22,1.08,10.0,9.5,4.7,0.15,4.6,1550,1,9,0.12,0.056,8028,812,7748.88,0.2991,1
Milton Insulated Water Bottle 1L,Home & Kitchen,UAE,AED,24.82,7.66,0.93,9.8,6.8,5.6,0.11,3.5,1696,3,6,0.06,0.108,17365,257,759.52,0.1191,0
Microfiber Cleaning Cloths (6 Pack),Home & Kitchen,UAE,AED,20.56,4.94,1.59,25.5,18.8,16.4,0.11,4.5,3071,3,8,0.06,0.099,14995,731,1542.91,0.1027,0
Hot Wheels Remote Control Car,Toys & Games,US,USD,20.26,4.53,1.6,27.2,6.6,6.0,0.095,4.3,2390,4,6,0.06,0.061,26484,497,3098.29,0.3077,1
iPhone 20W USB-C Fast Charger Adapter,Consumer Electronics,EU,EUR,14.37,2.89,0.57,21.6,21.3,14.6,0.08,4.6,1514,4,6,0.08,0.105,21539,167,404.97,0.1688,1
iPhone 15 Pro Max Clear MagSafe Case,Consumer Electronics,EU,EUR,13.13,4.52,0.67,21.9,20.8,4.8,0.08,4.5,455,3,8,0.08,0.071,2476,575,185.53,0.0246,0
Hot Wheels Remote Control Car,Toys & Games,US,USD,17.83,4.49,1.15,9.0,8.6,8.5,0.095,4.5,387,2,7,0.06,0.052,10889,436,2141.33,0.2755,1
Resistance Loop Bands Set,Sports & Fitness,UK,GBP,6.99,2.11,0.85,14.0,14.0,7.7,0.1,4.0,2725,1,7,0.05,0.099,2703,462,956.34,0.2961,1
Mechanical Keyboard Combo,Consumer Electronics,IN,INR,3135.28,755.57,1.72,11.3,8.3,8.0,0.08,5.0,1110,2,6,0.08,0.069,8871,1408,1904202.23,0.4314,1
MacBook Air Aluminium Stand,Consumer Electronics,UAE,AED,102.64,24.07,0.45,8.7,7.8,4.8,0.08,4.4,5522,2,9,0.08,0.063,22482,1211,63067.5,0.5074,1
Philips Electric Kettle 1.5L,Home & Kitchen,UK,GBP,15.46,5.05,1.39,21.8,8.1,3.2,0.11,4.5,2738,3,8,0.06,0.084,3372,268,96.88,0.0234,0
MacBook Air Aluminium Stand,Consumer Electronics,EU,EUR,22.28,5.89,0.42,18.8,6.8,5.2,0.08,4.7,907,2,7,0.08,0.082,2552,229,1174.56,0.2302,1
LEGO Classic Building Blocks Set,Toys & Games,US,USD,19.58,5.33,1.11,14.4,11.8,10.6,0.095,4.1,765,3,7,0.06,0.119,11172,201,846.29,0.215,1
Minimalist Sunscreen SPF 50,Beauty & Personal Care,UAE,AED,24.8,7.57,1.04,8.2,6.7,4.9,0.09,4.3,400,2,7,0.04,0.056,3493,454,2158.83,0.1917,1
Coffee Frother Handheld,Home & Kitchen,US,USD,6.99,2.12,1.46,12.4,7.1,3.4,0.11,4.8,398,2,9,0.06,0.116,12410,247,518.7,0.3004,1
iPhone Tempered Glass Screen Protector (2 Pack),Consumer Electronics,UK,GBP,6.99,2.15,1.46,15.5,13.7,3.9,0.08,4.4,2899,3,9,0.08,0.082,11963,666,1418.58,0.3047,1
Rubik's Speed Cube 3x3,Toys & Games,UK,GBP,6.99,1.46,0.51,11.5,10.8,4.7,0.095,4.6,1962,3,7,0.06,0.085,19281,621,950.13,0.2189,1
LEGO Classic Building Blocks Set,Toys & Games,US,USD,33.24,11.51,1.2,12.4,10.4,3.5,0.095,4.7,2298,4,7,0.06,0.102,7443,367,3179.14,0.2606,1
Mamaearth Vitamin C Face Serum,Beauty & Personal Care,IN,INR,547.42,190.58,0.15,27.1,18.2,9.7,0.09,4.4,3450,2,10,0.04,0.113,6037,673,69290.67,0.1881,1
Puma Premium Cotton T-Shirt,Apparel & Fashion,UK,GBP,8.46,2.85,0.44,21.7,15.9,12.5,0.15,4.5,3945,2,7,0.12,0.063,51258,509,906.02,0.2104,1
Gaming Mouse RGB,Consumer Electronics,US,USD,24.94,6.83,0.51,27.2,15.4,9.4,0.08,4.7,617,2,5,0.08,0.077,5680,1126,9581.63,0.3412,1
Puma Premium Cotton T-Shirt,Apparel & Fashion,UK,GBP,8.88,2.21,1.41,10.9,10.8,6.5,0.15,4.4,966,1,6,0.12,0.108,5503,720,1821.6,0.2849,1
Sport Socks (3 Pack),Apparel & Fashion,EU,EUR,6.99,1.57,0.37,8.8,8.1,6.4,0.15,4.8,2807,4,7,0.12,0.091,4726,664,922.96,0.1989,1
Levi's Slim Fit Stretch Jeans,Apparel & Fashion,UAE,AED,91.77,19.14,0.99,28.6,6.9,3.5,0.15,4.6,920,1,7,0.12,0.086,3748,311,12125.71,0.4249,1
LED Desk Lamp with Wireless Charging,Home & Kitchen,EU,EUR,20.71,7.14,0.09,28.9,20.6,18.3,0.11,4.7,1356,3,5,0.06,0.097,1926,284,536.96,0.0913,0
Power Bank 20000mAh,Consumer Electronics,IN,INR,1691.69,517.15,0.43,22.8,22.3,4.8,0.08,4.2,3389,4,10,0.08,0.062,26992,436,278005.99,0.3769,1
Hot Wheels Remote Control Car,Toys & Games,EU,EUR,21.24,6.42,0.94,21.6,19.6,12.5,0.095,4.7,714,4,9,0.06,0.096,16246,296,871.09,0.1386,1
Boldfit Yoga Mat (6mm),Sports & Fitness,UAE,AED,30.48,9.1,1.8,9.1,9.0,5.4,0.1,4.5,1605,4,8,0.05,0.102,8748,547,3021.1,0.1812,1
Milton Insulated Water Bottle 1L,Home & Kitchen,UAE,AED,26.15,7.85,1.47,24.8,21.0,10.8,0.11,4.4,1529,1,8,0.06,0.05,7890,642,3101.37,0.1847,1
Smart Watch Fitness Tracker,Consumer Electronics,UK,GBP,23.77,7.23,0.75,17.9,8.8,5.2,0.08,4.9,1799,2,9,0.08,0.082,29362,718,3383.15,0.1982,1
Maybelline Matte Liquid Lipstick,Beauty & Personal Care,EU,EUR,6.99,1.9,0.12,15.5,9.6,5.6,0.09,4.7,1754,3,10,0.04,0.104,19227,852,2036.28,0.3419,1
Sport Socks (3 Pack),Apparel & Fashion,UAE,AED,11.12,2.55,0.09,22.2,20.5,7.3,0.15,4.3,510,1,8,0.12,0.084,6194,456,1176.48,0.232,1
Cosco Badminton Racket Set,Sports & Fitness,EU,EUR,18.27,5.13,0.62,21.4,17.0,6.8,0.1,4.1,649,4,7,0.05,0.098,11926,144,353.98,0.1345,1
Beard Growth Oil,Beauty & Personal Care,EU,EUR,6.99,1.51,1.06,13.6,13.3,8.0,0.09,4.5,416,3,9,0.04,0.094,14384,716,1596.68,0.319,1
Prestige Mixer Grinder 750W,Home & Kitchen,UAE,AED,197.28,46.21,0.44,21.4,12.3,10.8,0.11,4.3,755,4,8,0.06,0.105,25712,201,18702.4,0.4716,1
Rubik's Speed Cube 3x3,Toys & Games,UK,GBP,6.99,2.1,0.24,21.7,13.1,8.9,0.095,4.6,3329,3,7,0.06,0.065,1834,268,541.36,0.289,1
Boldfit Yoga Mat (6mm),Sports & Fitness,UK,GBP,10.61,2.99,0.48,16.6,12.3,7.6,0.1,4.2,1188,3,9,0.05,0.1,67851,569,1217.66,0.2017,1
Wonderchef Non-Stick Tawa,Home & Kitchen,EU,EUR,8.6,2.65,1.07,14.0,6.6,3.3,0.11,4.1,1007,3,7,0.06,0.055,2480,429,1166.88,0.3163,1
L'Oreal Hair Repair Shampoo & Conditioner,Beauty & Personal Care,UK,GBP,6.99,1.96,1.59,22.3,14.7,6.8,0.09,4.8,8059,2,6,0.04,0.096,19864,1073,1942.13,0.2589,1
Charcoal Deep Cleansing Face Wash,Beauty & Personal Care,UAE,AED,11.58,3.29,1.73,11.9,10.1,4.4,0.09,4.1,1247,2,8,0.04,0.103,16807,452,1649.8,0.3152,1
Polarized UV Sunglasses,Apparel & Fashion,IN,INR,1433.46,337.14,0.77,11.4,11.4,10.8,0.15,4.8,1453,3,8,0.12,0.094,21206,257,116851.94,0.3172,1
Microfiber Cleaning Cloths (6 Pack),Home & Kitchen,IN,INR,337.31,109.26,1.43,23.6,6.6,4.1,0.11,4.2,487,3,6,0.06,0.116,6604,422,35228.56,0.2475,1
Prestige Mixer Grinder 750W,Home & Kitchen,US,USD,40.02,11.61,0.97,28.2,17.0,16.9,0.11,4.3,4351,1,8,0.06,0.058,8206,1340,19942.71,0.3719,1
Wonderchef Non-Stick Tawa,Home & Kitchen,IN,INR,1401.38,462.75,1.47,25.4,11.9,3.7,0.11,4.0,2130,1,7,0.06,0.074,15840,1223,483475.97,0.2821,1
Beard Growth Oil,Beauty & Personal Care,UK,GBP,6.99,1.54,1.56,28.3,16.9,11.4,0.09,4.2,1397,2,8,0.04,0.078,7913,310,415.4,0.1917,1
L'Oreal Hair Repair Shampoo & Conditioner,Beauty & Personal Care,UK,GBP,6.99,1.54,1.74,20.1,19.6,10.2,0.09,4.4,1218,2,5,0.04,0.057,4907,789,1570.11,0.2847,1
LEGO Classic Building Blocks Set,Toys & Games,US,USD,25.41,5.66,0.19,25.2,14.8,3.7,0.095,4.2,544,1,7,0.06,0.071,17994,295,2885.55,0.3849,1
Prestige Mixer Grinder 750W,Home & Kitchen,UK,GBP,21.86,6.04,1.79,25.9,18.2,7.7,0.11,4.5,1182,4,10,0.06,0.059,9864,528,1941.9,0.1682,1
Decathlon Rubber Dumbbells Set (5kg),Sports & Fitness,IN,INR,1152.01,293.95,0.79,26.2,20.8,16.7,0.1,4.4,1334,1,7,0.05,0.051,21496,555,243959.24,0.3816,1
Coffee Frother Handheld,Home & Kitchen,UK,GBP,6.99,1.96,0.45,8.3,6.6,6.5,0.11,4.1,1540,4,7,0.06,0.082,2945,438,805.92,0.2632,1
Protein Shaker Bottle 700ml,Sports & Fitness,UAE,AED,15.75,3.92,1.35,18.5,10.7,6.0,0.1,4.8,3689,3,7,0.05,0.117,6805,953,4460.04,0.2971,1
Protein Shaker Bottle 700ml,Sports & Fitness,UK,GBP,6.99,1.67,1.53,8.8,8.5,5.5,0.1,4.8,3732,4,9,0.05,0.095,2465,526,983.62,0.2675,1
Mamaearth Vitamin C Face Serum,Beauty & Personal Care,UAE,AED,20.13,6.25,0.96,23.0,6.7,3.3,0.09,4.3,460,4,8,0.04,0.051,20225,445,1081.2,0.1207,1
Nike Air Running Shoes,Apparel & Fashion,UK,GBP,34.43,8.42,0.68,25.0,18.6,5.9,0.15,4.8,811,3,8,0.12,0.051,49627,231,2149.49,0.2703,1
Beard Growth Oil,Beauty & Personal Care,UAE,AED,14.81,4.67,1.15,16.4,8.1,3.6,0.09,4.8,1898,2,8,0.04,0.087,49903,300,1404.0,0.316,1
Maybelline Matte Liquid Lipstick,Beauty & Personal Care,EU,EUR,6.99,2.43,1.12,20.8,17.1,14.4,0.09,4.1,969,3,8,0.04,0.115,8016,255,451.35,0.2532,1
Puma Premium Cotton T-Shirt,Apparel & Fashion,US,USD,9.6,2.8,1.7,13.3,6.9,3.8,0.15,4.5,855,3,8,0.12,0.107,27738,739,2386.97,0.3365,1
iPhone Tempered Glass Screen Protector (2 Pack),Consumer Electronics,UAE,AED,16.43,5.15,0.87,26.5,20.9,16.9,0.08,4.1,1531,2,8,0.08,0.119,2117,952,3255.84,0.2082,1
Beard Growth Oil,Beauty & Personal Care,US,USD,6.99,2.16,1.49,12.7,9.4,8.4,0.09,4.5,1688,2,10,0.04,0.086,13154,517,1075.36,0.2976,1
Samsung Galaxy S24 Armor Cover,Consumer Electronics,US,USD,14.26,4.21,1.39,11.5,8.5,3.1,0.08,4.6,7557,4,6,0.08,0.057,24037,390,902.27,0.1622,1
Resistance Loop Bands Set,Sports & Fitness,EU,EUR,6.99,1.98,1.34,21.6,8.9,5.1,0.1,4.5,357,4,9,0.05,0.103,20671,100,150.0,0.2146,1
Coffee Frother Handheld,Home & Kitchen,IN,INR,684.33,174.63,0.64,11.3,7.6,7.0,0.11,4.9,3609,4,7,0.06,0.092,8949,400,78289.51,0.286,1
Boldfit Yoga Mat (6mm),Sports & Fitness,UK,GBP,11.34,2.27,1.15,15.8,13.8,4.0,0.1,4.2,1892,4,10,0.05,0.055,13041,354,417.58,0.104,0
MacBook Air Aluminium Stand,Consumer Electronics,UK,GBP,17.04,4.95,1.24,25.7,11.3,9.8,0.08,4.2,440,3,7,0.08,0.073,18718,539,1224.44,0.1333,1
Minimalist Sunscreen SPF 50,Beauty & Personal Care,UK,GBP,6.99,1.94,0.84,11.2,7.7,5.0,0.09,4.4,1717,2,7,0.04,0.101,39366,1172,2367.44,0.289,1
Milton Insulated Water Bottle 1L,Home & Kitchen,UK,GBP,6.99,2.07,1.43,10.6,7.9,7.1,0.11,4.8,1679,4,5,0.06,0.063,7201,331,426.99,0.1845,1
Samsung Galaxy S24 Armor Cover,Consumer Electronics,UK,GBP,6.99,2.27,0.55,19.4,10.0,9.6,0.08,4.3,3442,3,6,0.08,0.109,24218,304,547.2,0.2575,1
Rubik's Speed Cube 3x3,Toys & Games,UK,GBP,6.99,1.54,0.22,24.0,14.9,8.2,0.095,4.7,609,4,8,0.06,0.093,20985,166,338.64,0.2918,1
Protein Shaker Bottle 700ml,Sports & Fitness,US,USD,8.11,1.71,0.18,14.2,8.1,4.3,0.1,4.3,826,1,8,0.05,0.103,22490,692,1072.6,0.1911,1
Protein Shaker Bottle 700ml,Sports & Fitness,UK,GBP,6.99,1.43,0.19,27.9,9.0,6.2,0.1,3.9,3801,1,6,0.05,0.052,47805,923,1772.16,0.2747,1
Wooden Educational Puzzle,Toys & Games,IN,INR,770.57,160.15,0.8,13.7,11.6,11.4,0.095,4.6,681,2,6,0.06,0.09,51560,628,168660.17,0.3485,1
Philips Electric Kettle 1.5L,Home & Kitchen,UK,GBP,13.96,3.52,0.28,11.3,7.2,4.1,0.11,4.5,1461,3,9,0.06,0.058,19462,797,1614.57,0.1451,1
Nike Air Running Shoes,Apparel & Fashion,UK,GBP,23.06,7.06,1.01,9.8,7.7,5.3,0.15,4.5,1280,4,9,0.12,0.079,12537,420,1091.36,0.1127,0
Adidas Training Trackpants,Apparel & Fashion,EU,EUR,10.97,3.04,1.47,18.1,6.6,5.8,0.15,4.2,619,3,7,0.12,0.073,11757,554,1307.44,0.2151,1
Levi's Slim Fit Stretch Jeans,Apparel & Fashion,UK,GBP,31.76,10.54,1.58,13.3,9.3,9.2,0.15,4.4,3948,4,7,0.12,0.088,3060,383,1359.97,0.1118,0
Bubble Gun Blaster,Toys & Games,IN,INR,496.03,160.37,0.73,25.1,24.4,7.4,0.095,3.9,2711,1,8,0.06,0.09,23886,856,82605.04,0.1945,1
Microfiber Cleaning Cloths (6 Pack),Home & Kitchen,EU,EUR,6.99,2.36,1.0,11.5,9.8,8.4,0.11,4.7,3898,1,7,0.06,0.069,3623,1833,2749.5,0.2146,1
Apple AirPods Pro Wireless Charging Case,Consumer Electronics,IN,INR,2959.56,988.78,1.21,11.3,8.3,6.3,0.08,4.4,5472,2,9,0.08,0.079,16933,1339,1376222.97,0.3473,1
Decathlon Rubber Dumbbells Set (5kg),Sports & Fitness,IN,INR,1724.07,387.73,1.6,17.4,7.8,3.1,0.1,4.8,2255,2,10,0.05,0.112,19908,352,215043.37,0.3543,1
Beard Growth Oil,Beauty & Personal Care,US,USD,6.99,2.3,1.49,19.9,15.9,7.1,0.09,4.8,1272,1,7,0.04,0.075,26163,979,1625.14,0.2375,1
Wonderchef Non-Stick Tawa,Home & Kitchen,UAE,AED,36.75,11.27,1.5,10.2,7.0,3.6,0.11,4.2,2422,3,5,0.06,0.096,7582,577,4731.55,0.2231,1
LED Desk Lamp with Wireless Charging,Home & Kitchen,EU,EUR,18.95,5.13,1.76,22.0,8.0,6.4,0.11,4.8,458,1,6,0.06,0.062,5107,1266,3121.21,0.1301,1
Levi's Slim Fit Stretch Jeans,Apparel & Fashion,US,USD,39.77,9.62,1.19,23.3,14.9,6.6,0.15,4.7,4528,1,6,0.12,0.111,23245,1528,19217.12,0.3162,1
Resistance Loop Bands Set,Sports & Fitness,EU,EUR,7.12,1.7,1.64,22.8,15.4,4.4,0.1,3.9,3348,4,5,0.05,0.088,54190,246,349.32,0.1994,1
Power Bank 20000mAh,Consumer Electronics,US,USD,22.32,4.6,1.35,28.2,12.2,10.9,0.08,4.6,2453,2,7,0.08,0.106,47584,258,1876.82,0.3259,1
Hot Wheels Remote Control Car,Toys & Games,IN,INR,1671.01,410.59,1.51,14.2,13.2,4.1,0.095,4.5,502,1,10,0.06,0.067,10355,240,154935.29,0.3863,1
MacBook Air Aluminium Stand,Consumer Electronics,UAE,AED,63.64,18.44,0.59,14.6,12.4,3.5,0.08,4.7,3692,4,10,0.08,0.063,5333,179,4649.07,0.4081,1
Smart Watch Fitness Tracker,Consumer Electronics,EU,EUR,42.22,8.66,1.08,29.9,26.5,15.3,0.08,4.1,497,3,8,0.08,0.114,26248,464,6507.95,0.3322,1
Charcoal Deep Cleansing Face Wash,Beauty & Personal Care,IN,INR,468.74,133.95,0.97,17.5,9.6,5.9,0.09,4.6,3695,4,9,0.04,0.081,15469,479,47828.95,0.213,1
Nivea Soft Moisturizing Cream,Beauty & Personal Care,IN,INR,426.51,130.25,0.49,19.3,7.4,4.7,0.09,5.0,4859,4,7,0.04,0.092,11380,681,59428.4,0.2046,1
Mamaearth Vitamin C Face Serum,Beauty & Personal Care,US,USD,7.77,1.64,0.52,16.0,10.7,3.4,0.09,4.3,5688,3,7,0.04,0.073,4555,560,58.95,0.0135,0
Resistance Loop Bands Set,Sports & Fitness,UAE,AED,27.36,6.62,0.44,19.4,6.1,3.0,0.1,4.3,2783,4,7,0.05,0.09,6363,357,2477.01,0.2536,1
Bubble Gun Blaster,Toys & Games,UK,GBP,6.99,1.81,0.23,21.6,7.8,4.7,0.095,4.7,1370,3,8,0.06,0.099,3473,968,1529.44,0.226,1
Coffee Frother Handheld,Home & Kitchen,EU,EUR,6.99,1.84,0.79,28.0,21.7,14.4,0.11,4.7,5003,1,7,0.06,0.107,15663,342,451.44,0.1888,1
Mamaearth Vitamin C Face Serum,Beauty & Personal Care,EU,EUR,6.99,1.46,1.12,23.1,8.0,4.9,0.09,3.8,543,4,7,0.04,0.079,2531,294,396.9,0.1931,1
Resistance Loop Bands Set,Sports & Fitness,UAE,AED,22.31,7.61,1.23,22.9,12.1,8.4,0.1,4.5,3453,3,8,0.05,0.101,34083,278,367.12,0.0592,0
Charcoal Deep Cleansing Face Wash,Beauty & Personal Care,IN,INR,265.61,74.4,0.32,8.3,7.0,4.2,0.09,5.0,417,3,7,0.04,0.059,7384,586,23217.97,0.1492,1
Mamaearth Vitamin C Face Serum,Beauty & Personal Care,US,USD,8.22,2.45,1.53,23.2,13.4,10.0,0.09,4.1,2683,3,6,0.04,0.081,25696,676,1811.68,0.326,1
Puma Premium Cotton T-Shirt,Apparel & Fashion,EU,EUR,12.53,3.32,0.63,20.8,11.5,8.1,0.15,4.7,1053,3,9,0.12,0.062,3653,499,184.32,0.0295,0
Smart Watch Fitness Tracker,Consumer Electronics,UAE,AED,181.9,45.82,0.35,8.6,7.7,6.0,0.08,4.2,1140,2,7,0.08,0.072,14531,742,69298.41,0.5134,1
Microfiber Cleaning Cloths (6 Pack),Home & Kitchen,IN,INR,408.38,95.02,1.78,18.0,14.3,4.6,0.11,4.3,1406,4,7,0.06,0.117,2056,269,11113.12,0.1012,0
Decathlon Rubber Dumbbells Set (5kg),Sports & Fitness,UK,GBP,8.7,2.25,0.36,8.5,7.9,5.2,0.1,4.6,535,4,7,0.05,0.117,32200,235,578.1,0.2828,1
Charcoal Deep Cleansing Face Wash,Beauty & Personal Care,UK,GBP,6.99,2.43,0.58,29.1,15.0,7.6,0.09,4.6,601,1,5,0.04,0.089,21591,858,1930.5,0.3219,1
Nike Air Running Shoes,Apparel & Fashion,IN,INR,4092.9,1004.19,0.53,12.3,6.4,4.2,0.15,3.8,1652,4,8,0.12,0.06,15277,236,370775.5,0.3839,1
Sport Socks (3 Pack),Apparel & Fashion,US,USD,6.99,1.82,1.79,27.4,19.3,12.3,0.15,4.0,1104,3,8,0.12,0.053,12463,389,595.17,0.2189,1
Protein Shaker Bottle 700ml,Sports & Fitness,UK,GBP,6.99,2.35,1.32,19.7,17.9,4.9,0.1,4.3,2721,3,8,0.05,0.069,41864,802,1154.88,0.206,1
Bubble Gun Blaster,Toys & Games,UK,GBP,6.99,2.43,0.91,27.0,18.4,8.8,0.095,4.1,2501,3,7,0.06,0.077,10990,480,931.2,0.2775,1
Wooden Educational Puzzle,Toys & Games,EU,EUR,8.12,2.82,0.78,26.2,21.4,13.6,0.095,4.7,3703,3,7,0.06,0.054,9826,1002,2174.34,0.2672,1
Nike Air Running Shoes,Apparel & Fashion,EU,EUR,53.77,18.23,0.11,18.5,14.6,11.4,0.15,4.2,883,1,8,0.12,0.075,6074,1022,10648.32,0.1938,1
Levi's Slim Fit Stretch Jeans,Apparel & Fashion,US,USD,23.36,8.03,0.1,30.0,22.2,18.9,0.15,4.6,2373,2,8,0.12,0.06,22010,1067,5184.1,0.208,1
Microfiber Cleaning Cloths (6 Pack),Home & Kitchen,US,USD,6.99,2.2,1.53,21.5,7.4,5.1,0.11,4.4,1134,4,7,0.06,0.055,3147,257,570.54,0.3176,1
Bubble Gun Blaster,Toys & Games,EU,EUR,6.99,1.47,1.72,19.5,10.0,3.5,0.095,4.8,2191,3,8,0.06,0.054,8718,257,413.77,0.2303,1
Milton Insulated Water Bottle 1L,Home & Kitchen,IN,INR,553.57,134.05,1.46,28.4,15.1,14.0,0.11,4.3,734,2,5,0.06,0.095,14450,976,115476.37,0.2137,1
Milton Insulated Water Bottle 1L,Home & Kitchen,EU,EUR,6.99,2.08,0.29,27.6,16.9,9.2,0.11,4.9,461,1,9,0.06,0.098,19022,564,1263.36,0.3205,1
Milton Insulated Water Bottle 1L,Home & Kitchen,UAE,AED,35.56,10.06,0.97,11.1,10.0,4.9,0.11,3.8,565,1,7,0.06,0.094,20832,207,1857.63,0.2524,1
Cosco Badminton Racket Set,Sports & Fitness,IN,INR,1080.1,216.04,0.96,9.0,6.8,5.7,0.1,4.1,511,2,9,0.05,0.075,27395,341,144669.69,0.3928,1
iPhone 15 Pro Max Clear MagSafe Case,Consumer Electronics,UK,GBP,8.74,2.78,1.61,17.5,16.5,8.1,0.08,4.4,1085,3,10,0.08,0.094,1561,625,1137.5,0.2082,1
L'Oreal Hair Repair Shampoo & Conditioner,Beauty & Personal Care,UK,GBP,7.0,2.1,1.74,24.7,23.8,17.6,0.09,4.2,2633,3,7,0.04,0.095,7749,184,441.6,0.3429,1
Apple Watch Sport Loop Band,Consumer Electronics,US,USD,10.71,2.84,0.87,12.6,8.4,5.0,0.08,4.8,3199,4,7,0.08,0.065,10448,543,610.72,0.105,0
Samsung Galaxy S24 Armor Cover,Consumer Electronics,IN,INR,1203.13,279.56,1.25,21.4,10.5,4.0,0.08,4.8,918,4,8,0.08,0.095,18985,321,140937.2,0.3649,1
Boldfit Yoga Mat (6mm),Sports & Fitness,IN,INR,778.29,259.58,0.57,16.1,6.6,3.4,0.1,3.9,3057,2,8,0.05,0.051,7261,486,109726.46,0.2901,1
Cosco Badminton Racket Set,Sports & Fitness,US,USD,8.6,1.88,0.79,18.8,11.2,7.4,0.1,4.4,1285,1,8,0.05,0.117,17344,852,1704.0,0.2326,1
Smart Watch Fitness Tracker,Consumer Electronics,US,USD,44.95,14.2,0.98,29.5,9.0,3.1,0.08,4.6,542,4,8,0.08,0.069,6360,104,1766.83,0.3779,1
Protein Shaker Bottle 700ml,Sports & Fitness,UAE,AED,26.68,7.41,0.68,16.2,6.0,3.9,0.1,4.4,3166,2,8,0.05,0.052,22902,1164,7604.46,0.2449,1
L'Oreal Hair Repair Shampoo & Conditioner,Beauty & Personal Care,UAE,AED,34.61,9.3,0.76,14.7,6.6,3.8,0.09,4.4,2414,4,6,0.04,0.083,45811,138,1417.89,0.2969,1
Resistance Loop Bands Set,Sports & Fitness,EU,EUR,8.5,2.7,1.79,20.0,19.5,4.2,0.1,4.0,676,3,7,0.05,0.06,22782,439,1040.43,0.2788,1
Boldfit Yoga Mat (6mm),Sports & Fitness,UAE,AED,32.07,10.32,1.17,16.5,13.1,5.6,0.1,4.6,864,1,7,0.05,0.083,18720,1324,8810.54,0.2075,1
Rubik's Speed Cube 3x3,Toys & Games,US,USD,6.99,1.55,0.09,21.9,13.1,4.4,0.095,4.4,765,3,8,0.06,0.085,2610,578,913.24,0.226,1
Prestige Mixer Grinder 750W,Home & Kitchen,IN,INR,4297.11,1155.71,1.02,17.5,6.5,3.6,0.11,4.0,426,2,7,0.06,0.109,23560,776,1184030.41,0.3551,1
iPhone Tempered Glass Screen Protector (2 Pack),Consumer Electronics,UAE,AED,24.35,5.75,1.73,12.3,12.0,12.0,0.08,3.9,1211,1,8,0.08,0.092,15132,261,1280.41,0.2015,1
Beard Growth Oil,Beauty & Personal Care,UK,GBP,6.99,1.6,1.44,28.0,26.8,25.9,0.09,4.5,2473,4,8,0.04,0.061,19238,367,568.85,0.2217,1
Apple AirPods Pro Wireless Charging Case,Consumer Electronics,EU,EUR,45.06,13.52,0.36,20.4,17.1,10.0,0.08,4.6,739,3,7,0.08,0.094,6933,307,3772.66,0.2727,1
Wooden Educational Puzzle,Toys & Games,EU,EUR,8.03,2.48,0.24,17.4,6.3,4.6,0.095,4.2,861,1,8,0.06,0.078,71485,1133,1710.83,0.188,1
Sport Socks (3 Pack),Apparel & Fashion,US,USD,6.99,1.79,0.76,24.6,23.1,22.1,0.15,3.8,2673,2,9,0.12,0.068,7716,595,1213.8,0.2918,1
Smart Watch Fitness Tracker,Consumer Electronics,UK,GBP,19.15,4.38,1.66,10.2,8.1,4.1,0.08,4.5,847,2,7,0.08,0.117,9533,729,2265.52,0.1623,1
Nike Air Running Shoes,Apparel & Fashion,US,USD,55.87,15.5,1.39,14.2,8.9,8.3,0.15,4.8,1320,1,7,0.12,0.085,14021,583,11094.87,0.3406,1
Coffee Frother Handheld,Home & Kitchen,IN,INR,414.15,103.43,1.55,12.6,6.5,3.2,0.11,4.4,1139,3,8,0.06,0.107,7152,719,35898.73,0.1206,1
Bubble Gun Blaster,Toys & Games,UAE,AED,22.24,7.02,1.21,11.3,10.6,7.1,0.095,4.2,407,3,6,0.06,0.059,1500,522,1504.3,0.1296,1
Wireless Noise Cancelling Earbuds,Consumer Electronics,UK,GBP,16.96,4.72,0.17,29.4,11.3,5.5,0.08,4.1,352,3,7,0.08,0.101,5055,585,1502.31,0.1514,1
Polarized UV Sunglasses,Apparel & Fashion,UK,GBP,11.07,3.45,1.54,17.3,9.4,5.1,0.15,4.7,650,4,8,0.12,0.076,24508,535,2059.75,0.3478,1
Power Bank 20000mAh,Consumer Electronics,UK,GBP,22.28,5.77,1.1,22.5,7.3,5.3,0.08,4.2,2625,1,8,0.08,0.091,2106,1358,6402.25,0.2116,1
Hot Wheels Remote Control Car,Toys & Games,UK,GBP,10.35,3.0,0.59,23.7,19.4,4.7,0.095,5.0,1041,3,10,0.06,0.115,18225,910,2839.2,0.3014,1
Apple AirPods Pro Wireless Charging Case,Consumer Electronics,IN,INR,3653.29,1235.36,1.27,24.0,21.5,8.1,0.08,4.2,985,1,8,0.08,0.073,28683,1215,1579540.67,0.3559,1
Boldfit Yoga Mat (6mm),Sports & Fitness,EU,EUR,13.52,4.18,1.05,28.8,17.3,8.4,0.1,4.5,2338,2,7,0.05,0.077,27068,253,77.55,0.0227,0
Resistance Loop Bands Set,Sports & Fitness,UK,GBP,6.99,2.14,1.75,17.6,8.7,7.0,0.1,4.5,5468,3,9,0.05,0.054,19244,631,1438.68,0.3262,1
Resistance Loop Bands Set,Sports & Fitness,US,USD,6.99,2.24,1.03,16.7,7.4,6.8,0.1,4.3,863,4,6,0.05,0.111,23801,371,578.76,0.2232,1
Nivea Soft Moisturizing Cream,Beauty & Personal Care,IN,INR,436.46,124.72,1.51,27.9,6.3,5.2,0.09,4.4,858,4,7,0.04,0.071,15093,249,17930.24,0.165,1
Sport Socks (3 Pack),Apparel & Fashion,EU,EUR,6.99,2.17,0.78,9.5,8.7,4.6,0.15,4.9,956,1,7,0.12,0.054,41966,813,1642.26,0.289,1
Adidas Training Trackpants,Apparel & Fashion,US,USD,23.49,6.93,0.42,17.2,14.4,4.2,0.15,4.1,1198,4,6,0.12,0.119,11737,113,521.57,0.1965,1
Wooden Educational Puzzle,Toys & Games,EU,EUR,6.99,2.42,0.27,16.9,14.0,10.8,0.095,3.8,1110,1,6,0.06,0.068,10737,357,564.06,0.226,1
MacBook Air Aluminium Stand,Consumer Electronics,UK,GBP,13.24,3.95,1.75,21.3,7.2,3.3,0.08,4.4,494,3,8,0.08,0.092,16137,506,21.68,0.0032,0
Samsung Galaxy S24 Armor Cover,Consumer Electronics,EU,EUR,7.83,1.58,1.74,13.5,11.1,8.7,0.08,3.9,824,1,9,0.08,0.092,42554,925,1433.75,0.198,1
L'Oreal Hair Repair Shampoo & Conditioner,Beauty & Personal Care,UAE,AED,20.9,7.14,1.35,27.4,10.3,7.3,0.09,4.7,1136,1,9,0.04,0.051,5585,1039,1961.61,0.0903,0
Cosco Badminton Racket Set,Sports & Fitness,US,USD,14.75,5.07,0.77,26.5,9.9,7.6,0.1,4.4,495,4,7,0.05,0.102,9468,454,661.11,0.0987,0
Apple AirPods Pro Wireless Charging Case,Consumer Electronics,UK,GBP,29.13,7.72,1.32,8.2,7.3,5.6,0.08,4.0,2227,3,8,0.08,0.056,30891,257,2085.25,0.2785,1
Milton Insulated Water Bottle 1L,Home & Kitchen,UAE,AED,34.27,6.92,0.51,12.7,7.8,4.2,0.11,4.4,2329,4,7,0.06,0.092,2684,446,5115.14,0.3347,1
iPhone 15 Pro Max Clear MagSafe Case,Consumer Electronics,UK,GBP,15.24,4.96,1.46,26.1,24.7,14.8,0.08,4.5,2387,2,6,0.08,0.102,2492,777,325.53,0.0275,0
Polarized UV Sunglasses,Apparel & Fashion,US,USD,11.11,3.76,1.09,19.8,9.7,5.5,0.15,4.5,2672,1,8,0.12,0.082,5497,1131,3766.23,0.2997,1
Maybelline Matte Liquid Lipstick,Beauty & Personal Care,UAE,AED,23.75,6.33,1.2,28.6,7.4,6.6,0.09,4.3,383,2,5,0.04,0.071,2309,529,2441.13,0.1943,1
Maybelline Matte Liquid Lipstick,Beauty & Personal Care,IN,INR,569.99,193.26,0.26,24.8,13.7,10.0,0.09,4.2,612,2,7,0.04,0.055,16778,304,44908.09,0.2592,1
Hot Wheels Remote Control Car,Toys & Games,UK,GBP,17.19,5.54,1.26,10.4,7.3,4.3,0.095,4.4,1500,3,6,0.06,0.075,26188,405,602.73,0.0866,0
L'Oreal Hair Repair Shampoo & Conditioner,Beauty & Personal Care,UK,GBP,7.35,1.81,1.65,29.0,13.5,6.7,0.09,4.6,3485,2,8,0.04,0.057,12784,703,1370.85,0.2653,1
Decathlon Rubber Dumbbells Set (5kg),Sports & Fitness,UK,GBP,10.66,3.51,1.24,26.4,23.5,18.3,0.1,5.0,612,4,6,0.05,0.097,18076,212,493.96,0.2186,1
Protein Shaker Bottle 700ml,Sports & Fitness,US,USD,6.99,1.57,0.08,23.8,19.0,11.2,0.1,4.3,1006,2,8,0.05,0.057,11752,375,742.5,0.2833,1
Adidas Training Trackpants,Apparel & Fashion,IN,INR,1291.56,269.5,0.75,13.2,7.6,7.4,0.15,4.7,1156,3,10,0.12,0.08,18189,592,265696.94,0.3475,1
Levi's Slim Fit Stretch Jeans,Apparel & Fashion,UAE,AED,133.5,30.14,0.94,17.1,15.7,11.0,0.15,4.1,1745,3,8,0.12,0.058,3657,348,21523.33,0.4633,1
Protein Shaker Bottle 700ml,Sports & Fitness,EU,EUR,6.99,1.61,0.75,27.7,10.4,6.8,0.1,4.3,2710,4,7,0.05,0.055,13015,337,674.0,0.2861,1
Minimalist Sunscreen SPF 50,Beauty & Personal Care,US,USD,7.02,1.67,0.1,23.9,15.6,13.5,0.09,4.5,1345,4,8,0.04,0.073,9902,492,728.16,0.2108,1
Polarized UV Sunglasses,Apparel & Fashion,EU,EUR,15.04,5.0,0.88,9.7,7.4,6.5,0.15,4.4,453,4,8,0.12,0.111,12425,240,1243.2,0.3444,1
Nike Air Running Shoes,Apparel & Fashion,UK,GBP,23.01,6.84,0.21,16.3,14.3,7.9,0.15,4.1,997,2,7,0.12,0.076,7959,221,722.8,0.1421,1
Mamaearth Vitamin C Face Serum,Beauty & Personal Care,UAE,AED,25.64,7.91,1.21,23.6,6.1,3.7,0.09,4.3,357,4,10,0.04,0.106,12630,359,1323.55,0.1438,1
Sport Socks (3 Pack),Apparel & Fashion,IN,INR,265.62,83.66,1.08,25.2,20.4,17.0,0.15,4.1,2018,4,8,0.12,0.093,4106,410,23214.2,0.2132,1
Beard Growth Oil,Beauty & Personal Care,UK,GBP,6.99,2.18,1.64,24.7,17.2,12.3,0.09,4.5,1851,2,9,0.04,0.061,19142,703,1110.74,0.226,1
iPhone Tempered Glass Screen Protector (2 Pack),Consumer Electronics,UK,GBP,6.99,1.73,0.5,12.7,8.8,8.3,0.08,4.0,470,3,8,0.08,0.099,25650,296,603.84,0.2918,1
Maybelline Matte Liquid Lipstick,Beauty & Personal Care,IN,INR,707.31,170.31,1.27,13.8,13.3,9.6,0.09,4.0,667,4,6,0.04,0.099,14164,151,30403.24,0.2847,1
Rubik's Speed Cube 3x3,Toys & Games,IN,INR,315.16,94.33,1.48,25.1,20.5,6.3,0.095,4.5,1039,4,7,0.06,0.08,5707,116,1565.49,0.0428,0
Wireless Noise Cancelling Earbuds,Consumer Electronics,US,USD,12.69,4.21,0.5,20.3,6.6,5.4,0.08,4.6,3635,3,7,0.08,0.073,79363,973,1534.88,0.1243,1
Resistance Loop Bands Set,Sports & Fitness,EU,EUR,7.92,2.59,0.51,20.7,7.0,3.4,0.1,4.6,3278,1,8,0.05,0.12,2076,656,1298.88,0.25,1
Bubble Gun Blaster,Toys & Games,EU,EUR,6.99,1.42,0.7,25.2,16.9,7.3,0.095,4.0,371,4,8,0.06,0.104,21614,266,345.8,0.186,1
Wooden Educational Puzzle,Toys & Games,EU,EUR,7.97,2.33,1.05,21.7,19.6,12.7,0.095,4.4,2470,1,8,0.06,0.081,8402,1169,2034.06,0.2183,1
Apple AirPods Pro Wireless Charging Case,Consumer Electronics,UAE,AED,175.05,59.38,1.68,15.5,11.0,4.7,0.08,4.7,2233,3,8,0.08,0.092,9991,230,16188.28,0.4021,1
LEGO Classic Building Blocks Set,Toys & Games,US,USD,25.97,7.83,0.72,28.7,9.8,6.4,0.095,4.7,1918,4,9,0.06,0.069,15646,208,1672.56,0.3096,1
LEGO Classic Building Blocks Set,Toys & Games,IN,INR,2037.67,462.35,1.29,18.0,14.0,12.2,0.095,4.6,2154,4,9,0.06,0.109,46890,554,424297.25,0.3759,1
Hot Wheels Remote Control Car,Toys & Games,US,USD,17.17,4.69,0.77,11.4,9.1,4.7,0.095,4.4,1697,1,8,0.06,0.075,1951,323,1329.22,0.2397,1
Levi's Slim Fit Stretch Jeans,Apparel & Fashion,IN,INR,2430.34,516.9,1.12,27.4,24.9,17.4,0.15,4.5,3608,3,7,0.12,0.064,6226,794,744631.02,0.3859,1
Adidas Training Trackpants,Apparel & Fashion,EU,EUR,23.99,8.39,0.13,27.7,19.5,19.1,0.15,4.8,446,2,7,0.12,0.073,53337,266,590.13,0.0925,0
Resistance Loop Bands Set,Sports & Fitness,US,USD,8.53,2.8,1.69,9.9,7.5,3.3,0.1,4.2,1299,2,7,0.05,0.069,4066,268,469.0,0.2052,1
Philips Electric Kettle 1.5L,Home & Kitchen,US,USD,22.29,7.0,1.74,17.7,9.3,8.0,0.11,4.0,746,4,6,0.06,0.059,7646,167,847.81,0.2278,1
Rubik's Speed Cube 3x3,Toys & Games,UAE,AED,18.31,3.83,0.44,25.8,8.9,5.0,0.095,4.4,890,4,6,0.06,0.089,3565,448,1272.77,0.1552,1
Prestige Mixer Grinder 750W,Home & Kitchen,UAE,AED,162.67,44.87,0.33,21.7,10.3,6.6,0.11,4.4,898,4,7,0.06,0.108,9092,120,8209.14,0.4205,1
Nivea Soft Moisturizing Cream,Beauty & Personal Care,EU,EUR,6.99,2.16,1.07,22.7,19.0,16.8,0.09,4.5,3099,1,5,0.04,0.119,8001,1506,2243.94,0.2132,1
Sport Socks (3 Pack),Apparel & Fashion,UK,GBP,6.99,2.18,0.93,18.6,16.6,7.9,0.15,4.3,946,2,9,0.12,0.082,3385,830,1236.7,0.2132,1
Nivea Soft Moisturizing Cream,Beauty & Personal Care,IN,INR,534.43,120.95,1.06,20.7,13.2,9.6,0.09,4.5,1048,3,6,0.04,0.096,13344,252,35804.67,0.2659,1
Hot Wheels Remote Control Car,Toys & Games,UK,GBP,9.46,2.29,0.46,12.0,11.0,5.3,0.095,4.1,1053,4,8,0.06,0.106,2774,228,592.8,0.2748,1
Wonderchef Non-Stick Tawa,Home & Kitchen,EU,EUR,15.11,4.83,0.38,22.8,9.7,4.5,0.11,4.3,808,4,8,0.06,0.05,23523,450,626.36,0.0921,0
Wonderchef Non-Stick Tawa,Home & Kitchen,IN,INR,1200.86,375.32,0.34,18.1,10.2,3.7,0.11,4.6,411,3,7,0.06,0.07,5308,270,102406.72,0.3158,1
Sport Socks (3 Pack),Apparel & Fashion,UAE,AED,20.88,5.64,0.88,24.7,8.9,5.9,0.15,5.0,11935,3,6,0.12,0.104,26107,723,892.99,0.0592,0
Wooden Educational Puzzle,Toys & Games,IN,INR,425.82,87.11,0.43,15.5,10.9,7.9,0.095,4.4,1393,3,9,0.06,0.054,12715,176,23979.95,0.32,1
Boldfit Yoga Mat (6mm),Sports & Fitness,IN,INR,993.36,323.71,0.36,8.5,7.1,4.0,0.1,4.5,844,4,6,0.05,0.062,24133,272,83762.83,0.31,1
LED Desk Lamp with Wireless Charging,Home & Kitchen,EU,EUR,13.52,4.23,0.3,25.0,10.5,8.1,0.11,4.6,1084,3,8,0.06,0.055,26051,174,147.86,0.0629,0
Rubik's Speed Cube 3x3,Toys & Games,US,USD,6.99,2.21,0.48,15.6,6.3,6.2,0.095,4.6,812,3,8,0.06,0.093,6848,636,1443.72,0.3247,1
LEGO Classic Building Blocks Set,Toys & Games,US,USD,32.13,10.69,1.35,14.1,8.3,8.1,0.095,4.7,7274,1,9,0.06,0.072,2651,914,8651.2,0.2946,1
Maybelline Matte Liquid Lipstick,Beauty & Personal Care,EU,EUR,6.99,1.67,0.67,26.4,25.1,7.1,0.09,4.6,445,3,7,0.04,0.056,14161,245,352.8,0.206,1
Apple Watch Sport Loop Band,Consumer Electronics,US,USD,15.16,4.05,0.94,13.4,9.5,7.3,0.08,4.6,1643,3,8,0.08,0.113,21308,813,2186.66,0.1774,1
Prestige Mixer Grinder 750W,Home & Kitchen,UK,GBP,21.7,4.36,0.45,22.6,12.8,6.9,0.11,4.3,2111,2,8,0.06,0.069,4357,385,2343.38,0.2805,1
Polarized UV Sunglasses,Apparel & Fashion,UAE,AED,39.78,10.52,1.51,10.6,9.4,6.4,0.15,4.4,884,3,5,0.12,0.092,4014,428,4112.98,0.2416,1
Adidas Training Trackpants,Apparel & Fashion,US,USD,12.92,3.64,1.63,15.6,13.0,9.6,0.15,5.0,3779,3,8,0.12,0.078,1652,561,220.63,0.0304,0
Wireless Noise Cancelling Earbuds,Consumer Electronics,EU,EUR,29.14,9.33,0.26,20.7,12.8,4.2,0.08,4.4,2364,1,7,0.08,0.052,12138,1101,7884.96,0.2458,1
Coffee Frother Handheld,Home & Kitchen,US,USD,6.99,1.58,1.06,14.5,14.0,12.0,0.11,4.4,990,4,8,0.06,0.054,17987,120,216.0,0.2575,1
Levi's Slim Fit Stretch Jeans,Apparel & Fashion,UAE,AED,87.6,25.59,0.51,20.7,11.3,9.8,0.15,4.4,998,4,9,0.12,0.075,7068,457,14202.34,0.3548,1
Polarized UV Sunglasses,Apparel & Fashion,IN,INR,787.15,167.43,0.88,18.6,16.6,6.0,0.15,4.8,2952,1,7,0.12,0.077,6559,1040,244575.79,0.2988,1
Sport Socks (3 Pack),Apparel & Fashion,UK,GBP,6.99,1.52,1.69,23.0,15.0,3.4,0.15,3.7,613,3,7,0.12,0.096,13063,523,1103.53,0.3019,1
Charcoal Deep Cleansing Face Wash,Beauty & Personal Care,UAE,AED,11.67,3.07,0.28,21.5,20.5,14.6,0.09,4.3,1549,3,7,0.04,0.078,25098,716,2369.96,0.2836,1
Rubik's Speed Cube 3x3,Toys & Games,IN,INR,342.36,81.58,0.26,15.8,10.0,7.7,0.095,4.2,1104,4,8,0.06,0.063,26086,154,12592.24,0.2388,1
Protein Shaker Bottle 700ml,Sports & Fitness,IN,INR,315.77,83.01,0.37,27.3,17.9,6.4,0.1,4.9,5109,3,8,0.05,0.065,39618,1134,69095.81,0.193,1
Microfiber Cleaning Cloths (6 Pack),Home & Kitchen,UAE,AED,25.17,7.43,1.16,16.9,14.2,9.0,0.11,4.2,2322,1,10,0.06,0.108,26550,414,1344.99,0.1291,1
Hot Wheels Remote Control Car,Toys & Games,UK,GBP,13.4,4.38,0.82,16.3,15.4,6.1,0.095,4.4,1432,4,9,0.06,0.072,7006,371,200.45,0.0403,0
Philips Electric Kettle 1.5L,Home & Kitchen,IN,INR,938.27,225.94,0.09,29.5,28.7,13.2,0.11,4.1,2017,1,9,0.06,0.106,8656,1245,375657.58,0.3216,1
Maybelline Matte Liquid Lipstick,Beauty & Personal Care,EU,EUR,7.71,1.85,1.78,8.6,7.6,6.0,0.09,4.2,4533,1,8,0.04,0.063,5026,1042,1865.18,0.2322,1
Decathlon Rubber Dumbbells Set (5kg),Sports & Fitness,US,USD,19.16,5.03,0.36,11.8,8.4,7.1,0.1,4.1,375,4,7,0.05,0.096,3991,273,1374.62,0.2628,1
Sport Socks (3 Pack),Apparel & Fashion,UK,GBP,6.99,1.42,1.52,29.4,9.2,4.4,0.15,4.2,410,4,7,0.12,0.09,1906,216,421.2,0.279,1
Rubik's Speed Cube 3x3,Toys & Games,UAE,AED,11.04,3.51,0.61,8.9,7.7,4.9,0.095,4.4,832,4,8,0.06,0.1,34343,212,570.28,0.2437,1
Minimalist Sunscreen SPF 50,Beauty & Personal Care,IN,INR,541.45,112.4,0.81,26.3,22.4,7.4,0.09,4.6,4347,4,7,0.04,0.057,7263,395,72474.07,0.3389,1
Mechanical Keyboard Combo,Consumer Electronics,EU,EUR,40.39,8.58,0.44,24.6,7.0,5.0,0.08,3.8,1102,3,7,0.08,0.087,13380,191,2765.44,0.3585,1
L'Oreal Hair Repair Shampoo & Conditioner,Beauty & Personal Care,US,USD,9.54,3.0,0.34,11.3,7.4,4.6,0.09,4.9,437,2,6,0.04,0.052,18223,594,239.69,0.0423,0
Gaming Mouse RGB,Consumer Electronics,EU,EUR,12.86,3.81,0.53,27.5,25.3,9.6,0.08,4.3,762,3,6,0.08,0.097,17153,642,408.02,0.0494,0
Hot Wheels Remote Control Car,Toys & Games,UAE,AED,78.43,20.36,0.35,24.2,12.6,9.4,0.095,4.3,7705,1,7,0.06,0.061,54483,1668,58692.08,0.4486,1
Nike Air Running Shoes,Apparel & Fashion,UK,GBP,51.97,15.53,1.07,27.1,12.1,7.3,0.15,4.0,1186,1,10,0.12,0.073,28113,739,8616.96,0.2244,1
Gaming Mouse RGB,Consumer Electronics,UK,GBP,10.94,3.72,1.27,26.1,17.2,14.1,0.08,4.6,787,2,7,0.08,0.111,3384,301,1140.79,0.3464,1
iPhone 15 Pro Max Clear MagSafe Case,Consumer Electronics,UAE,AED,58.78,19.22,0.64,22.9,16.0,10.8,0.08,4.6,1190,3,10,0.08,0.069,5091,741,15490.06,0.3556,1
Coffee Frother Handheld,Home & Kitchen,US,USD,7.04,1.65,1.16,24.4,10.0,3.4,0.11,4.5,3190,2,6,0.06,0.053,7345,1039,1911.76,0.2614,1
Decathlon Rubber Dumbbells Set (5kg),Sports & Fitness,IN,INR,2106.52,526.2,0.88,8.3,6.2,3.8,0.1,4.4,1183,2,7,0.05,0.088,6412,358,287930.32,0.3818,1
Nike Air Running Shoes,Apparel & Fashion,US,USD,60.16,20.74,0.17,27.6,18.5,11.7,0.15,4.2,491,1,8,0.12,0.092,36390,509,8807.8,0.2876,1
Prestige Mixer Grinder 750W,Home & Kitchen,EU,EUR,35.78,7.92,1.31,14.5,10.5,8.2,0.11,4.4,2042,3,8,0.06,0.098,6410,861,8577.24,0.2784,1
Gaming Mouse RGB,Consumer Electronics,US,USD,10.72,2.58,0.45,22.6,16.5,11.0,0.08,4.7,1569,1,6,0.08,0.074,2888,477,752.73,0.1472,1
MacBook Air Aluminium Stand,Consumer Electronics,US,USD,26.74,9.03,1.2,10.3,7.7,6.4,0.08,4.3,350,2,8,0.08,0.1,5611,415,2760.84,0.2488,1
Levi's Slim Fit Stretch Jeans,Apparel & Fashion,UAE,AED,66.99,18.83,1.54,29.1,19.1,11.3,0.15,4.4,1067,2,6,0.12,0.092,5347,546,11333.05,0.3098,1
iPhone Tempered Glass Screen Protector (2 Pack),Consumer Electronics,EU,EUR,6.99,1.73,0.25,11.9,11.8,6.9,0.08,4.7,8478,4,8,0.08,0.091,7042,688,1114.56,0.2318,1
Mechanical Keyboard Combo,Consumer Electronics,UAE,AED,109.9,33.07,1.25,14.9,7.2,5.7,0.08,4.5,2123,1,6,0.08,0.099,30374,1258,56216.6,0.4066,1
Charcoal Deep Cleansing Face Wash,Beauty & Personal Care,UK,GBP,6.99,2.16,1.14,12.1,6.2,3.9,0.09,5.0,3195,3,6,0.04,0.064,47838,346,480.94,0.1989,1
Boldfit Yoga Mat (6mm),Sports & Fitness,UAE,AED,45.16,13.0,1.01,9.9,6.2,3.3,0.1,4.8,749,4,10,0.05,0.095,2094,529,7251.43,0.3035,1
LED Desk Lamp with Wireless Charging,Home & Kitchen,UAE,AED,59.08,17.92,0.51,14.8,11.4,10.5,0.11,4.5,2315,1,9,0.06,0.076,10287,1125,22938.84,0.3451,1
Adidas Training Trackpants,Apparel & Fashion,UAE,AED,52.76,16.11,1.04,15.9,15.0,3.3,0.15,4.3,2532,1,7,0.12,0.099,17263,664,8872.12,0.2533,1
Charcoal Deep Cleansing Face Wash,Beauty & Personal Care,IN,INR,347.98,109.07,0.86,17.1,16.4,6.4,0.09,4.5,5576,4,6,0.04,0.076,7302,162,7722.37,0.137,0
LEGO Classic Building Blocks Set,Toys & Games,UK,GBP,17.22,3.86,1.21,30.0,16.8,7.9,0.095,4.1,3571,4,7,0.06,0.079,16590,277,880.69,0.1846,1
iPhone 20W USB-C Fast Charger Adapter,Consumer Electronics,UK,GBP,11.38,3.38,0.19,25.9,24.7,17.1,0.08,5.0,1657,3,7,0.08,0.078,3398,515,283.87,0.0484,0
Philips Electric Kettle 1.5L,Home & Kitchen,UAE,AED,56.61,12.7,1.34,12.6,6.4,4.9,0.11,4.7,1640,2,8,0.06,0.074,12379,1115,25615.85,0.4058,1
Protein Shaker Bottle 700ml,Sports & Fitness,EU,EUR,6.99,1.99,1.64,16.7,9.2,3.9,0.1,4.3,1708,3,6,0.05,0.056,21198,798,1564.08,0.2804,1
Protein Shaker Bottle 700ml,Sports & Fitness,UK,GBP,6.99,1.48,0.9,21.9,19.2,15.7,0.1,4.5,549,3,7,0.05,0.111,4229,761,1613.32,0.3033,1
Protein Shaker Bottle 700ml,Sports & Fitness,UK,GBP,6.99,1.82,0.97,20.8,19.9,14.4,0.1,4.8,4859,4,7,0.05,0.052,2760,784,1748.32,0.319,1
LEGO Classic Building Blocks Set,Toys & Games,IN,INR,1431.64,314.71,0.84,22.2,12.2,3.5,0.095,4.7,1074,2,8,0.06,0.065,2193,680,404017.7,0.415,1
Mamaearth Vitamin C Face Serum,Beauty & Personal Care,UK,GBP,6.99,2.26,1.09,15.8,13.8,9.0,0.09,4.5,2651,4,9,0.04,0.092,45863,336,638.4,0.2718,1
L'Oreal Hair Repair Shampoo & Conditioner,Beauty & Personal Care,EU,EUR,7.71,1.8,1.16,20.6,8.7,3.3,0.09,4.8,1461,4,8,0.04,0.066,2668,496,977.12,0.2555,1
Adidas Training Trackpants,Apparel & Fashion,IN,INR,1160.39,264.18,0.43,16.5,6.5,4.4,0.15,3.5,1073,3,10,0.12,0.109,11364,155,54406.68,0.3025,1
Nike Air Running Shoes,Apparel & Fashion,EU,EUR,27.1,5.71,1.07,20.5,18.7,11.8,0.15,4.5,1905,4,6,0.12,0.053,27346,595,4146.42,0.2572,1
iPhone 20W USB-C Fast Charger Adapter,Consumer Electronics,IN,INR,1054.93,223.2,0.37,10.8,6.6,4.9,0.08,4.2,7185,1,6,0.08,0.098,3653,1527,631673.88,0.3921,1
Mechanical Keyboard Combo,Consumer Electronics,UK,GBP,22.73,6.44,0.21,8.1,7.4,5.8,0.08,4.3,1155,3,5,0.08,0.052,4228,361,2057.07,0.2507,1
Boldfit Yoga Mat (6mm),Sports & Fitness,US,USD,8.19,2.81,1.11,24.0,11.7,6.4,0.1,4.3,645,3,7,0.05,0.106,12583,536,1147.04,0.2613,1
Nivea Soft Moisturizing Cream,Beauty & Personal Care,IN,INR,525.73,110.88,0.56,15.7,13.6,13.5,0.09,4.6,3013,4,7,0.04,0.066,8879,349,62183.45,0.3389,1
Polarized UV Sunglasses,Apparel & Fashion,IN,INR,1479.4,336.02,1.45,15.4,12.9,7.2,0.15,4.8,2795,3,8,0.12,0.111,17989,253,109582.83,0.2928,1
Power Bank 20000mAh,Consumer Electronics,EU,EUR,15.64,4.1,1.02,16.9,11.7,11.7,0.08,4.5,1106,2,7,0.08,0.059,43238,356,849.88,0.1526,1
Wooden Educational Puzzle,Toys & Games,US,USD,8.87,2.98,1.79,12.6,8.3,6.5,0.095,3.6,1014,2,7,0.06,0.092,3965,475,1097.25,0.2604,1
Polarized UV Sunglasses,Apparel & Fashion,IN,INR,1097.12,313.27,0.44,24.3,6.5,4.2,0.15,4.5,804,3,9,0.12,0.099,23771,533,151934.66,0.2598,1
Polarized UV Sunglasses,Apparel & Fashion,IN,INR,1260.52,367.46,0.92,10.9,7.3,4.8,0.15,4.5,859,2,10,0.12,0.05,6208,652,247555.38,0.3012,1
Protein Shaker Bottle 700ml,Sports & Fitness,UK,GBP,6.99,1.42,1.09,28.7,10.0,6.3,0.1,4.5,1549,1,7,0.05,0.079,33264,918,1367.82,0.2132,1
Hot Wheels Remote Control Car,Toys & Games,UAE,AED,36.23,11.93,1.07,27.6,18.9,15.9,0.095,4.9,4013,1,7,0.06,0.09,5882,661,5475.25,0.2286,1
Sport Socks (3 Pack),Apparel & Fashion,US,USD,6.99,1.66,0.61,20.2,14.3,7.8,0.15,4.2,487,3,8,0.12,0.062,4871,402,639.18,0.2275,1
Levi's Slim Fit Stretch Jeans,Apparel & Fashion,EU,EUR,26.15,8.41,0.1,22.3,16.9,14.1,0.15,5.0,1981,2,6,0.12,0.098,82593,1458,4195.76,0.11,0
Resistance Loop Bands Set,Sports & Fitness,US,USD,8.01,1.95,1.59,9.1,6.7,6.3,0.1,4.2,572,1,7,0.05,0.11,17230,671,1187.67,0.221,1
LEGO Classic Building Blocks Set,Toys & Games,US,USD,27.85,8.74,0.62,17.0,8.3,8.2,0.095,4.6,892,1,8,0.06,0.105,17971,1181,9095.38,0.2765,1
Wonderchef Non-Stick Tawa,Home & Kitchen,UAE,AED,64.54,16.72,0.3,22.8,18.3,11.8,0.11,4.4,911,4,6,0.06,0.08,20642,380,9676.99,0.3946,1
Nike Air Running Shoes,Apparel & Fashion,UK,GBP,29.61,7.72,0.54,12.4,11.0,10.3,0.15,4.8,3759,3,7,0.12,0.109,45323,380,2040.12,0.1813,1
Hot Wheels Remote Control Car,Toys & Games,EU,EUR,13.75,3.45,0.19,18.7,7.4,4.1,0.095,4.7,3475,1,7,0.06,0.071,28751,1620,2884.77,0.1295,1
Prestige Mixer Grinder 750W,Home & Kitchen,IN,INR,4187.09,929.55,1.27,28.8,21.6,9.2,0.11,5.0,1421,1,8,0.06,0.058,24200,802,1485822.96,0.4425,1
Adidas Training Trackpants,Apparel & Fashion,IN,INR,2277.27,502.35,1.72,15.2,12.1,9.8,0.15,4.6,561,4,7,0.12,0.099,17352,429,324597.6,0.3323,1
Resistance Loop Bands Set,Sports & Fitness,UK,GBP,6.99,2.31,0.37,9.2,8.3,5.5,0.1,4.3,626,4,9,0.05,0.109,4436,304,641.44,0.3019,1
Coffee Frother Handheld,Home & Kitchen,EU,EUR,6.99,2.03,0.87,26.2,22.8,17.0,0.11,4.8,1026,1,9,0.06,0.112,3172,1258,2188.92,0.2489,1
Maybelline Matte Liquid Lipstick,Beauty & Personal Care,EU,EUR,8.22,1.7,1.73,22.9,16.7,6.7,0.09,4.7,1099,3,7,0.04,0.06,12501,176,499.84,0.3455,1
Minimalist Sunscreen SPF 50,Beauty & Personal Care,UAE,AED,20.97,5.32,0.67,19.5,11.9,10.8,0.09,5.0,573,3,10,0.04,0.119,2566,371,1041.1,0.1338,1
Wonderchef Non-Stick Tawa,Home & Kitchen,IN,INR,1229.52,355.71,0.79,17.3,14.9,5.3,0.11,4.5,1164,1,9,0.06,0.082,21027,565,219806.38,0.3164,1
Milton Insulated Water Bottle 1L,Home & Kitchen,IN,INR,679.79,168.68,1.11,29.9,16.4,15.3,0.11,4.3,692,2,7,0.06,0.079,1503,352,66970.02,0.2799,1
Puma Premium Cotton T-Shirt,Apparel & Fashion,US,USD,13.57,4.43,1.36,11.7,6.7,3.3,0.15,4.5,1194,3,8,0.12,0.058,7505,524,305.66,0.043,0
Wireless Noise Cancelling Earbuds,Consumer Electronics,IN,INR,1748.65,512.7,1.32,10.4,6.2,6.2,0.08,4.8,976,4,7,0.08,0.081,11455,473,292334.41,0.3534,1
Wonderchef Non-Stick Tawa,Home & Kitchen,US,USD,16.53,5.45,0.1,25.1,14.8,14.7,0.11,4.5,2457,2,7,0.06,0.067,69335,798,2404.53,0.1823,1
Cosco Badminton Racket Set,Sports & Fitness,UAE,AED,75.79,16.26,1.29,15.6,6.1,4.3,0.1,4.6,967,1,7,0.05,0.108,6650,263,8546.07,0.4287,1
LEGO Classic Building Blocks Set,Toys & Games,UK,GBP,12.57,2.95,0.2,12.1,9.4,4.9,0.095,3.9,3480,4,6,0.06,0.113,7109,294,345.46,0.0935,0
Maybelline Matte Liquid Lipstick,Beauty & Personal Care,IN,INR,397.06,136.2,0.18,14.5,8.5,4.8,0.09,4.5,546,3,7,0.04,0.094,2524,217,13618.17,0.1581,1
Minimalist Sunscreen SPF 50,Beauty & Personal Care,UAE,AED,29.27,6.69,1.49,20.0,7.1,6.9,0.09,4.6,627,4,7,0.04,0.11,11537,104,754.15,0.2477,1
Levi's Slim Fit Stretch Jeans,Apparel & Fashion,UK,GBP,29.55,10.05,1.64,26.0,23.8,7.1,0.15,4.1,1059,4,6,0.12,0.078,3938,298,889.35,0.101,0
Nike Air Running Shoes,Apparel & Fashion,IN,INR,5171.36,1164.25,0.61,19.1,16.4,12.9,0.15,4.1,1537,4,8,0.12,0.056,8970,245,517375.82,0.4084,1
Samsung Galaxy S24 Armor Cover,Consumer Electronics,EU,EUR,6.99,1.69,1.72,29.0,14.1,3.5,0.08,4.3,4778,1,6,0.08,0.06,3110,1284,3107.28,0.3462,1
Minimalist Sunscreen SPF 50,Beauty & Personal Care,US,USD,6.99,2.21,0.67,21.8,9.0,3.9,0.09,4.5,2827,4,9,0.04,0.055,6770,296,594.96,0.2876,1
Samsung Galaxy S24 Armor Cover,Consumer Electronics,UAE,AED,34.38,7.64,1.11,25.9,13.6,4.4,0.08,4.2,884,3,7,0.08,0.095,18173,491,5536.64,0.328,1
Milton Insulated Water Bottle 1L,Home & Kitchen,EU,EUR,6.99,2.26,0.43,18.3,15.9,5.3,0.11,4.8,388,2,6,0.06,0.098,2302,489,968.22,0.2833,1
Boldfit Yoga Mat (6mm),Sports & Fitness,IN,INR,815.72,210.47,0.22,11.2,7.5,3.4,0.1,4.1,901,2,7,0.05,0.115,48770,289,69886.12,0.2965,1
Sport Socks (3 Pack),Apparel & Fashion,EU,EUR,6.99,2.18,1.02,27.5,17.9,11.0,0.15,4.3,4074,2,7,0.12,0.073,21469,605,1004.3,0.2375,1
iPhone Tempered Glass Screen Protector (2 Pack),Consumer Electronics,US,USD,6.99,2.17,1.11,27.4,7.1,4.1,0.08,3.9,2393,3,7,0.08,0.114,7362,380,912.0,0.3433,1
LED Desk Lamp with Wireless Charging,Home & Kitchen,US,USD,15.34,4.19,0.68,28.0,18.5,14.8,0.11,4.2,1202,2,9,0.06,0.109,23613,485,1220.14,0.164,1
Coffee Frother Handheld,Home & Kitchen,IN,INR,678.35,199.08,1.36,25.7,22.6,10.7,0.11,4.4,2030,4,7,0.06,0.082,7682,476,72956.16,0.2259,1
Protein Shaker Bottle 700ml,Sports & Fitness,UK,GBP,6.99,1.59,1.37,20.0,8.9,4.7,0.1,4.4,715,4,9,0.05,0.118,45595,396,700.92,0.2532,1
Bubble Gun Blaster,Toys & Games,UAE,AED,19.37,6.48,0.98,23.6,10.4,6.3,0.095,4.3,351,3,7,0.06,0.053,5385,649,919.62,0.0732,0
Wonderchef Non-Stick Tawa,Home & Kitchen,EU,EUR,13.51,4.4,1.03,11.4,9.9,7.1,0.11,4.7,5908,1,8,0.06,0.09,16136,895,2318.05,0.1917,1
Beard Growth Oil,Beauty & Personal Care,UK,GBP,6.99,1.52,0.64,25.9,17.9,8.9,0.09,4.7,973,3,7,0.04,0.111,22495,232,526.64,0.3247,1
Boldfit Yoga Mat (6mm),Sports & Fitness,EU,EUR,8.38,2.22,0.36,23.5,15.4,10.9,0.1,4.2,413,3,7,0.05,0.073,28820,414,1018.44,0.2936,1
Apple Watch Sport Loop Band,Consumer Electronics,UAE,AED,37.16,12.74,1.32,28.5,17.9,6.9,0.08,4.3,1490,4,7,0.08,0.09,4045,369,3144.6,0.2293,1
iPhone 15 Pro Max Clear MagSafe Case,Consumer Electronics,UK,GBP,9.41,2.75,1.75,24.0,22.6,17.9,0.08,4.0,1998,3,8,0.08,0.094,10920,499,1267.46,0.2699,1
Gaming Mouse RGB,Consumer Electronics,EU,EUR,15.02,4.17,0.42,25.7,9.7,3.6,0.08,5.0,1213,1,7,0.08,0.069,7466,1150,2469.22,0.143,1
Protein Shaker Bottle 700ml,Sports & Fitness,UAE,AED,29.48,9.98,0.94,15.2,12.8,3.4,0.1,3.8,4148,4,7,0.05,0.051,20394,309,1891.61,0.2077,1
Protein Shaker Bottle 700ml,Sports & Fitness,UK,GBP,6.99,1.49,1.75,19.4,14.2,5.7,0.1,3.6,466,1,7,0.05,0.057,5338,702,1045.98,0.2132,1
Decathlon Rubber Dumbbells Set (5kg),Sports & Fitness,UK,GBP,14.4,4.54,0.19,20.7,7.8,3.2,0.1,4.8,806,3,7,0.05,0.08,9846,198,222.27,0.078,0
Minimalist Sunscreen SPF 50,Beauty & Personal Care,UAE,AED,24.17,6.9,0.65,14.9,6.9,4.4,0.09,4.5,5434,2,7,0.04,0.118,14355,1260,4666.96,0.1532,1
Maybelline Matte Liquid Lipstick,Beauty & Personal Care,IN,INR,664.39,161.3,1.16,18.0,11.8,9.7,0.09,4.1,4228,3,6,0.04,0.054,35653,494,106442.79,0.3243,1
Decathlon Rubber Dumbbells Set (5kg),Sports & Fitness,IN,INR,1692.47,477.21,0.51,15.6,14.2,9.3,0.1,4.1,374,1,8,0.05,0.117,14440,494,270279.8,0.3233,1
Wooden Educational Puzzle,Toys & Games,US,USD,6.99,2.11,1.68,20.7,7.9,5.9,0.095,4.2,3528,4,9,0.06,0.095,15175,538,758.58,0.2017,1
Protein Shaker Bottle 700ml,Sports & Fitness,UAE,AED,18.55,4.27,1.64,24.7,18.6,7.7,0.1,4.6,1314,2,7,0.05,0.066,2076,847,1721.1,0.1095,0
Puma Premium Cotton T-Shirt,Apparel & Fashion,EU,EUR,7.99,2.16,0.33,29.7,11.0,4.0,0.15,4.6,1181,4,7,0.12,0.09,1990,118,240.72,0.2553,1
Sport Socks (3 Pack),Apparel & Fashion,UK,GBP,6.99,2.33,0.23,19.8,18.6,9.1,0.15,4.3,4459,1,8,0.12,0.103,17304,1505,2543.45,0.2418,1
MacBook Air Aluminium Stand,Consumer Electronics,EU,EUR,26.44,6.38,0.65,23.4,19.3,18.1,0.08,4.6,2362,1,7,0.08,0.054,6152,830,6700.96,0.3053,1
Wooden Educational Puzzle,Toys & Games,UAE,AED,21.32,7.41,1.19,23.8,23.4,10.7,0.095,4.3,3404,3,9,0.06,0.063,4956,878,1497.01,0.08,0
Bubble Gun Blaster,Toys & Games,EU,EUR,6.99,2.19,0.76,21.4,12.8,10.3,0.095,4.3,625,2,5,0.06,0.075,2327,491,957.45,0.279,1
Power Bank 20000mAh,Consumer Electronics,EU,EUR,28.72,6.4,1.11,22.6,13.0,10.0,0.08,4.4,361,2,5,0.08,0.098,2048,669,5373.34,0.2797,1
Sport Socks (3 Pack),Apparel & Fashion,EU,EUR,6.99,2.42,0.8,19.0,17.8,13.6,0.15,4.8,3346,4,8,0.12,0.082,8329,432,1041.12,0.3448,1
Boldfit Yoga Mat (6mm),Sports & Fitness,US,USD,14.6,3.1,1.56,18.6,6.9,5.1,0.1,4.7,692,3,7,0.05,0.108,2286,561,1390.83,0.1698,1
Beard Growth Oil,Beauty & Personal Care,UAE,AED,23.71,6.57,0.58,18.3,16.6,7.1,0.09,4.3,880,3,7,0.04,0.105,5113,432,1746.57,0.1705,1
Bubble Gun Blaster,Toys & Games,US,USD,6.99,1.75,1.7,15.5,15.4,9.0,0.095,4.9,6525,1,7,0.06,0.054,19344,552,877.68,0.2275,1
Cosco Badminton Racket Set,Sports & Fitness,UK,GBP,8.52,1.75,0.12,25.0,8.6,5.6,0.1,4.0,391,1,10,0.05,0.105,21590,181,512.23,0.3322,1
Nike Air Running Shoes,Apparel & Fashion,EU,EUR,44.62,12.51,0.9,16.6,15.4,14.1,0.15,4.7,4274,2,6,0.12,0.117,9941,896,7573.01,0.1894,1
Mamaearth Vitamin C Face Serum,Beauty & Personal Care,EU,EUR,6.99,2.4,0.33,20.8,10.2,5.0,0.09,4.4,479,2,7,0.04,0.061,11500,524,822.68,0.2246,1
Philips Electric Kettle 1.5L,Home & Kitchen,US,USD,14.47,3.08,0.6,29.3,28.0,11.4,0.11,4.7,359,3,8,0.06,0.107,2840,760,2307.17,0.2098,1
Protein Shaker Bottle 700ml,Sports & Fitness,IN,INR,363.58,125.11,1.0,8.3,6.6,4.6,0.1,4.7,8429,1,9,0.05,0.07,12169,1260,47861.98,0.1045,0
Decathlon Rubber Dumbbells Set (5kg),Sports & Fitness,EU,EUR,15.67,3.53,1.76,26.8,16.4,11.1,0.1,4.5,2131,4,6,0.05,0.086,14730,626,1051.77,0.1072,0
Prestige Mixer Grinder 750W,Home & Kitchen,US,USD,37.66,11.89,0.37,16.5,9.6,5.8,0.11,4.4,2719,2,9,0.06,0.09,24748,572,6859.09,0.3184,1
Samsung Galaxy S24 Armor Cover,Consumer Electronics,UK,GBP,6.99,1.63,0.95,13.7,6.1,5.0,0.08,3.5,5465,3,8,0.08,0.09,3602,571,1102.03,0.2761,1
Minimalist Sunscreen SPF 50,Beauty & Personal Care,US,USD,7.77,2.23,1.31,16.2,6.9,4.8,0.09,4.7,769,3,7,0.04,0.118,5483,865,1608.9,0.2394,1
LED Desk Lamp with Wireless Charging,Home & Kitchen,UK,GBP,16.52,5.7,0.84,15.1,10.8,8.4,0.11,4.7,429,2,6,0.06,0.053,7605,540,720.09,0.0807,0
Charcoal Deep Cleansing Face Wash,Beauty & Personal Care,EU,EUR,6.99,1.91,0.63,12.2,7.9,7.8,0.09,4.0,1638,2,5,0.04,0.119,17508,362,763.82,0.3019,1
Bubble Gun Blaster,Toys & Games,EU,EUR,6.99,1.49,1.24,9.4,8.0,6.7,0.095,4.6,396,4,7,0.06,0.109,4935,286,406.12,0.2031,1
Adidas Training Trackpants,Apparel & Fashion,UK,GBP,22.45,4.73,0.42,15.7,12.0,7.9,0.15,4.3,759,4,7,0.12,0.065,18545,257,1371.88,0.2378,1
Coffee Frother Handheld,Home & Kitchen,US,USD,6.99,1.78,0.75,29.5,28.4,23.3,0.11,4.1,1407,2,6,0.06,0.104,27588,876,1480.44,0.2418,1
Gaming Mouse RGB,Consumer Electronics,EU,EUR,20.45,5.05,0.18,23.4,6.2,4.3,0.08,4.8,2530,4,6,0.08,0.071,6372,621,3083.96,0.2428,1
Boldfit Yoga Mat (6mm),Sports & Fitness,EU,EUR,11.0,3.4,1.27,29.7,11.3,8.5,0.1,4.6,605,1,8,0.05,0.103,5995,889,2551.43,0.2609,1
iPhone Tempered Glass Screen Protector (2 Pack),Consumer Electronics,EU,EUR,6.99,2.01,1.61,20.5,15.2,9.3,0.08,3.8,650,3,7,0.08,0.085,5679,253,457.93,0.2589,1
Decathlon Rubber Dumbbells Set (5kg),Sports & Fitness,UK,GBP,9.93,3.37,1.57,23.6,7.9,6.8,0.1,4.6,531,4,8,0.05,0.095,13557,466,1342.08,0.29,1
Coffee Frother Handheld,Home & Kitchen,IN,INR,509.43,142.29,0.14,22.1,7.3,4.9,0.11,4.5,564,4,5,0.06,0.098,3996,434,50511.47,0.2285,1
Samsung Galaxy S24 Armor Cover,Consumer Electronics,EU,EUR,6.99,1.55,1.59,19.6,12.4,4.0,0.08,4.7,2992,1,8,0.08,0.094,3169,431,568.92,0.1888,1
Cosco Badminton Racket Set,Sports & Fitness,UK,GBP,9.33,2.06,0.53,16.5,15.9,10.9,0.1,4.6,529,2,8,0.05,0.102,15768,436,37.38,0.0092,0
MacBook Air Aluminium Stand,Consumer Electronics,UK,GBP,13.99,4.89,0.53,14.1,13.5,3.3,0.08,4.7,3065,2,9,0.08,0.118,2445,1415,277.44,0.014,0
Levi's Slim Fit Stretch Jeans,Apparel & Fashion,IN,INR,3307.05,982.02,1.19,10.8,9.1,9.0,0.15,4.4,411,3,9,0.12,0.075,18425,610,633009.12,0.3138,1
Philips Electric Kettle 1.5L,Home & Kitchen,US,USD,16.17,3.37,0.81,18.3,17.4,12.2,0.11,4.5,452,3,5,0.06,0.118,10597,358,1299.11,0.2244,1
Rubik's Speed Cube 3x3,Toys & Games,UK,GBP,6.99,2.11,1.22,23.7,10.7,5.4,0.095,4.5,410,4,6,0.06,0.092,32508,442,791.18,0.2561,1
Boldfit Yoga Mat (6mm),Sports & Fitness,UK,GBP,9.37,1.98,1.23,26.1,10.9,6.3,0.1,4.5,670,1,6,0.05,0.057,25546,1243,66.43,0.0057,0
Nike Air Running Shoes,Apparel & Fashion,IN,INR,5467.15,1133.42,1.53,17.6,10.0,6.8,0.15,4.5,1659,2,7,0.12,0.063,4351,406,913054.85,0.4113,1
Bubble Gun Blaster,Toys & Games,UAE,AED,13.86,3.99,1.53,8.4,6.1,4.8,0.095,4.2,995,4,9,0.06,0.092,1877,199,841.77,0.3052,1
Nike Air Running Shoes,Apparel & Fashion,IN,INR,4889.29,1403.78,1.36,22.9,9.5,5.3,0.15,4.7,5284,3,8,0.12,0.094,3063,380,579249.47,0.3118,1
Apple AirPods Pro Wireless Charging Case,Consumer Electronics,IN,INR,4531.13,1299.59,1.14,25.2,19.5,16.8,0.08,4.3,1884,4,8,0.08,0.072,1975,548,1008833.8,0.4063,1
Maybelline Matte Liquid Lipstick,Beauty & Personal Care,UAE,AED,26.75,6.02,1.31,11.9,7.4,5.2,0.09,4.5,1391,1,7,0.04,0.114,16035,445,2687.95,0.2258,1
Protein Shaker Bottle 700ml,Sports & Fitness,UK,GBP,6.99,1.56,1.26,21.1,17.4,7.5,0.1,3.7,6561,1,6,0.05,0.07,7629,514,992.02,0.2761,1
Decathlon Rubber Dumbbells Set (5kg),Sports & Fitness,UAE,AED,53.82,18.15,0.54,27.7,8.2,6.4,0.1,4.4,4720,2,8,0.05,0.097,4420,567,8828.45,0.2893,1
Maybelline Matte Liquid Lipstick,Beauty & Personal Care,EU,EUR,6.99,1.5,0.33,10.3,7.8,6.8,0.09,4.1,504,3,8,0.04,0.062,25622,598,1004.64,0.2403,1
Resistance Loop Bands Set,Sports & Fitness,US,USD,7.67,2.15,1.24,23.0,16.7,6.6,0.1,4.4,3674,2,7,0.05,0.09,68453,1115,1772.85,0.2073,1
Cosco Badminton Racket Set,Sports & Fitness,IN,INR,1529.13,460.49,1.77,29.7,22.3,7.7,0.1,4.3,2625,1,8,0.05,0.114,15443,729,308364.14,0.2766,1
Protein Shaker Bottle 700ml,Sports & Fitness,UAE,AED,20.66,5.49,0.61,24.8,23.6,22.4,0.1,4.4,2355,1,7,0.05,0.068,5867,356,1173.99,0.1596,1
Maybelline Matte Liquid Lipstick,Beauty & Personal Care,UK,GBP,7.03,2.07,1.32,13.7,11.5,3.2,0.09,4.8,586,4,6,0.04,0.108,16289,221,386.75,0.2489,1
Sport Socks (3 Pack),Apparel & Fashion,EU,EUR,6.99,1.51,0.11,28.0,11.9,10.3,0.15,4.7,5397,1,6,0.12,0.114,23693,1142,1621.64,0.2031,1
MacBook Air Aluminium Stand,Consumer Electronics,EU,EUR,27.09,9.34,0.36,14.6,6.9,4.1,0.08,4.3,488,2,9,0.08,0.074,15407,917,4679.82,0.1884,1
Cosco Badminton Racket Set,Sports & Fitness,IN,INR,1198.39,269.61,1.78,26.1,11.7,3.6,0.1,4.6,1379,2,8,0.05,0.109,18762,678,262141.91,0.3226,1
Polarized UV Sunglasses,Apparel & Fashion,IN,INR,1257.69,284.36,0.7,22.0,7.1,4.5,0.15,4.4,1315,3,8,0.12,0.107,23781,452,173603.99,0.3054,1
Wooden Educational Puzzle,Toys & Games,US,USD,7.34,2.44,0.79,21.3,15.6,8.3,0.095,4.2,2347,4,7,0.06,0.072,3982,331,834.12,0.3433,1
Philips Electric Kettle 1.5L,Home & Kitchen,US,USD,20.84,6.87,0.78,24.8,8.7,3.0,0.11,4.4,1261,4,7,0.06,0.086,9191,103,443.01,0.2064,1
Nike Air Running Shoes,Apparel & Fashion,IN,INR,5286.69,1408.4,1.34,13.1,11.8,8.2,0.15,4.2,1833,1,7,0.12,0.108,5683,700,1173221.13,0.317,1
MacBook Air Aluminium Stand,Consumer Electronics,US,USD,27.38,8.22,0.85,18.7,8.6,6.5,0.08,3.8,1601,3,5,0.08,0.114,9898,544,4240.78,0.2847,1
Charcoal Deep Cleansing Face Wash,Beauty & Personal Care,UAE,AED,18.8,5.41,0.93,12.2,8.9,4.5,0.09,4.3,4913,4,8,0.04,0.087,12461,446,671.51,0.0801,0
Gaming Mouse RGB,Consumer Electronics,EU,EUR,11.87,3.04,0.25,21.7,13.0,10.8,0.08,4.2,1132,2,7,0.08,0.115,9100,769,439.48,0.0481,0
Levi's Slim Fit Stretch Jeans,Apparel & Fashion,EU,EUR,28.98,6.16,1.77,22.7,10.8,7.6,0.15,4.5,772,3,6,0.12,0.1,17167,671,3881.13,0.1996,1
MacBook Air Aluminium Stand,Consumer Electronics,EU,EUR,21.11,7.05,0.22,15.3,8.3,8.2,0.08,4.8,2081,4,7,0.08,0.065,6124,268,942.22,0.1665,1
Wooden Educational Puzzle,Toys & Games,UK,GBP,6.99,1.64,0.11,27.3,26.6,11.1,0.095,4.7,587,4,8,0.06,0.061,14910,474,620.94,0.1874,1
Wonderchef Non-Stick Tawa,Home & Kitchen,EU,EUR,13.15,3.24,0.71,24.9,21.3,10.3,0.11,4.4,2566,4,8,0.06,0.084,34867,566,595.68,0.08,0
Cosco Badminton Racket Set,Sports & Fitness,EU,EUR,8.83,3.01,1.5,25.4,9.9,8.6,0.1,4.3,4912,1,8,0.05,0.053,12297,481,1178.45,0.2775,1
Samsung Galaxy S24 Armor Cover,Consumer Electronics,UK,GBP,9.4,1.9,1.73,9.0,6.4,3.0,0.08,4.6,1994,2,8,0.08,0.108,12432,247,600.21,0.2585,1
Puma Premium Cotton T-Shirt,Apparel & Fashion,UAE,AED,37.21,7.85,1.26,19.1,16.0,9.3,0.15,4.5,633,1,6,0.12,0.111,3894,906,8954.71,0.2656,1
Sport Socks (3 Pack),Apparel & Fashion,IN,INR,489.58,135.98,0.21,21.8,10.0,8.6,0.15,3.5,2450,3,8,0.12,0.059,12562,366,39296.05,0.2193,1
Minimalist Sunscreen SPF 50,Beauty & Personal Care,EU,EUR,6.99,1.84,1.55,26.8,8.1,3.5,0.09,4.6,557,4,7,0.04,0.1,15162,142,238.56,0.2403,1
Wooden Educational Puzzle,Toys & Games,US,USD,8.38,1.97,1.18,13.2,11.1,10.1,0.095,4.1,1186,3,8,0.06,0.061,21413,547,908.02,0.1981,1
Mechanical Keyboard Combo,Consumer Electronics,UK,GBP,25.6,8.25,1.69,19.3,18.6,11.4,0.08,4.7,1368,3,7,0.08,0.083,27762,565,2331.49,0.1612,1
Nivea Soft Moisturizing Cream,Beauty & Personal Care,UAE,AED,21.87,5.7,0.65,18.8,13.3,5.5,0.09,4.4,959,1,9,0.04,0.057,43240,506,2267.39,0.2049,1
Wooden Educational Puzzle,Toys & Games,IN,INR,486.29,109.58,0.87,14.8,6.3,4.1,0.095,5.0,1011,3,10,0.06,0.081,8132,1026,135483.51,0.2715,1
Rubik's Speed Cube 3x3,Toys & Games,UAE,AED,13.75,3.25,0.87,24.7,9.9,7.9,0.095,4.4,2593,1,7,0.06,0.074,4711,993,4180.53,0.3062,1
Resistance Loop Bands Set,Sports & Fitness,US,USD,6.99,2.29,0.42,27.2,13.5,10.6,0.1,4.6,553,1,7,0.05,0.062,2696,793,1181.57,0.2132,1
Apple AirPods Pro Wireless Charging Case,Consumer Electronics,US,USD,57.84,20.04,0.73,28.3,18.1,7.1,0.08,4.7,7131,3,9,0.08,0.069,2247,874,18993.07,0.3757,1
Minimalist Sunscreen SPF 50,Beauty & Personal Care,EU,EUR,6.99,1.4,1.8,25.7,21.5,12.4,0.09,4.2,852,1,7,0.04,0.076,12361,968,1306.8,0.1931,1
Microfiber Cleaning Cloths (6 Pack),Home & Kitchen,UAE,AED,13.35,2.87,0.79,28.5,20.3,16.9,0.11,3.7,522,4,7,0.06,0.111,4076,286,1021.02,0.2674,1
Adidas Training Trackpants,Apparel & Fashion,EU,EUR,18.45,5.42,1.71,20.8,14.0,3.6,0.15,4.2,3062,1,8,0.12,0.061,5508,613,670.11,0.0593,0
LED Desk Lamp with Wireless Charging,Home & Kitchen,UAE,AED,53.01,12.63,0.92,17.0,16.9,3.8,0.11,4.2,3065,3,8,0.06,0.086,13044,528,10551.28,0.377,1
Sport Socks (3 Pack),Apparel & Fashion,UK,GBP,6.99,1.61,0.63,21.1,9.2,3.7,0.15,4.6,879,3,8,0.12,0.059,18236,260,525.2,0.289,1
iPhone 15 Pro Max Clear MagSafe Case,Consumer Electronics,US,USD,17.38,5.92,1.27,11.4,7.3,6.6,0.08,4.2,4139,2,9,0.08,0.096,42852,301,779.05,0.1489,1
Resistance Loop Bands Set,Sports & Fitness,UK,GBP,6.99,1.75,0.77,9.1,7.5,3.6,0.1,3.9,2573,1,6,0.05,0.106,7892,369,627.3,0.2432,1
Sport Socks (3 Pack),Apparel & Fashion,EU,EUR,6.99,2.24,1.3,12.2,8.3,3.6,0.15,4.1,6746,4,8,0.12,0.105,13597,300,702.0,0.3348,1
Cosco Badminton Racket Set,Sports & Fitness,US,USD,16.24,3.67,0.73,26.5,19.2,13.5,0.1,4.9,2471,4,8,0.05,0.092,23852,240,972.32,0.2495,1
iPhone Tempered Glass Screen Protector (2 Pack),Consumer Electronics,US,USD,6.99,1.49,0.88,11.8,8.0,3.1,0.08,4.7,1799,1,5,0.08,0.096,4897,1458,2041.2,0.2003,1
Microfiber Cleaning Cloths (6 Pack),Home & Kitchen,UK,GBP,6.99,1.56,1.76,26.5,16.3,16.1,0.11,4.3,1875,4,7,0.06,0.075,2450,533,1018.03,0.2732,1
Hot Wheels Remote Control Car,Toys & Games,IN,INR,1508.04,449.26,0.52,16.0,14.4,5.2,0.095,4.5,2504,3,9,0.06,0.1,13276,337,165480.71,0.3256,1
Protein Shaker Bottle 700ml,Sports & Fitness,IN,INR,646.09,171.1,1.74,17.9,7.7,4.8,0.1,4.4,3388,3,8,0.05,0.112,2717,447,58293.14,0.2018,1
Microfiber Cleaning Cloths (6 Pack),Home & Kitchen,EU,EUR,6.99,1.72,1.43,17.7,11.7,9.8,0.11,4.1,1057,2,5,0.06,0.076,24662,581,981.89,0.2418,1
Decathlon Rubber Dumbbells Set (5kg),Sports & Fitness,EU,EUR,17.37,5.22,0.54,14.1,13.6,10.7,0.1,5.0,394,1,9,0.05,0.093,12547,907,1759.61,0.1117,0
Prestige Mixer Grinder 750W,Home & Kitchen,US,USD,37.3,7.92,0.41,28.9,15.4,8.8,0.11,4.5,1416,4,10,0.06,0.067,4078,472,7705.99,0.4377,1
Polarized UV Sunglasses,Apparel & Fashion,IN,INR,769.94,207.2,0.57,13.4,10.8,8.1,0.15,4.3,463,3,9,0.12,0.069,14197,681,141925.26,0.2707,1
Decathlon Rubber Dumbbells Set (5kg),Sports & Fitness,UK,GBP,16.87,3.39,0.97,8.8,7.6,7.2,0.1,4.4,1269,1,8,0.05,0.116,2439,1030,3001.95,0.1728,1
Adidas Training Trackpants,Apparel & Fashion,IN,INR,1644.16,388.08,0.89,18.0,13.0,6.6,0.15,4.4,3009,4,6,0.12,0.096,39880,287,150835.24,0.3197,1
Charcoal Deep Cleansing Face Wash,Beauty & Personal Care,UAE,AED,20.92,4.84,0.15,24.3,21.1,20.5,0.09,4.5,1482,4,9,0.04,0.052,10116,229,1091.56,0.2279,1
iPhone Tempered Glass Screen Protector (2 Pack),Consumer Electronics,UAE,AED,21.38,6.06,1.36,14.2,10.6,3.7,0.08,4.9,2123,3,7,0.08,0.119,11153,456,918.58,0.0942,0
L'Oreal Hair Repair Shampoo & Conditioner,Beauty & Personal Care,IN,INR,563.77,150.01,1.55,23.1,21.1,6.7,0.09,4.3,916,3,8,0.04,0.086,2185,732,91580.23,0.2219,1
Protein Shaker Bottle 700ml,Sports & Fitness,US,USD,6.99,2.3,0.76,12.4,8.7,5.2,0.1,4.4,1405,2,8,0.05,0.119,2340,640,1004.8,0.2246,1
Minimalist Sunscreen SPF 50,Beauty & Personal Care,US,USD,6.99,1.56,1.71,24.9,11.1,7.8,0.09,4.5,3550,1,8,0.04,0.086,13062,1372,2620.52,0.2732,1
Decathlon Rubber Dumbbells Set (5kg),Sports & Fitness,IN,INR,1048.16,229.46,0.99,13.9,6.2,5.3,0.1,4.4,1512,3,7,0.05,0.118,2419,498,172502.48,0.3305,1
Milton Insulated Water Bottle 1L,Home & Kitchen,US,USD,8.3,2.71,1.79,17.5,9.7,9.1,0.11,4.5,1130,2,6,0.06,0.053,5814,537,1321.02,0.2964,1
Cosco Badminton Racket Set,Sports & Fitness,EU,EUR,20.19,4.85,1.48,9.2,7.7,3.3,0.1,4.7,1914,1,8,0.05,0.118,37700,1299,3744.32,0.1428,1
Microfiber Cleaning Cloths (6 Pack),Home & Kitchen,EU,EUR,6.99,1.52,0.99,10.8,8.8,5.8,0.11,4.4,4858,3,6,0.06,0.077,19058,528,1045.44,0.2833,1
Hot Wheels Remote Control Car,Toys & Games,US,USD,13.78,3.61,0.45,29.3,9.0,5.2,0.095,4.2,475,1,8,0.06,0.083,2740,205,545.7,0.1932,1
Rubik's Speed Cube 3x3,Toys & Games,UAE,AED,19.78,6.24,1.65,26.8,20.2,3.9,0.095,4.6,2757,2,8,0.06,0.086,27630,504,397.12,0.0398,0
Bubble Gun Blaster,Toys & Games,US,USD,6.99,2.43,0.35,13.0,7.5,6.6,0.095,4.3,3114,3,9,0.06,0.089,37988,834,1059.18,0.1817,1
iPhone 15 Pro Max Clear MagSafe Case,Consumer Electronics,UAE,AED,29.91,7.11,1.23,27.5,15.9,10.8,0.08,4.6,5481,1,7,0.08,0.069,2760,1084,9762.12,0.3011,1
Bubble Gun Blaster,Toys & Games,IN,INR,466.74,128.55,0.33,17.7,9.9,6.6,0.095,4.4,2496,3,8,0.06,0.1,2261,442,47629.43,0.2309,1
Resistance Loop Bands Set,Sports & Fitness,US,USD,8.2,2.81,0.49,15.1,7.7,5.7,0.1,4.3,2141,1,6,0.05,0.089,9132,715,1615.9,0.2756,1
Bubble Gun Blaster,Toys & Games,UK,GBP,6.99,1.48,1.6,9.7,8.6,8.2,0.095,4.2,1612,3,6,0.06,0.112,20335,757,1029.52,0.1946,1
Mamaearth Vitamin C Face Serum,Beauty & Personal Care,EU,EUR,7.33,1.92,0.89,9.1,6.6,5.8,0.09,3.8,1076,4,7,0.04,0.11,5950,325,477.75,0.2005,1
Maybelline Matte Liquid Lipstick,Beauty & Personal Care,EU,EUR,6.99,2.36,1.08,19.7,14.2,7.1,0.09,4.4,536,1,9,0.04,0.059,40109,766,1240.92,0.2318,1
L'Oreal Hair Repair Shampoo & Conditioner,Beauty & Personal Care,US,USD,9.93,3.12,0.51,8.8,6.3,5.4,0.09,4.2,1394,4,6,0.04,0.101,8800,140,14.52,0.0104,0
Milton Insulated Water Bottle 1L,Home & Kitchen,UK,GBP,6.99,1.97,1.49,11.8,10.7,8.3,0.11,4.9,1146,2,8,0.06,0.06,11912,998,2015.96,0.289,1
Hot Wheels Remote Control Car,Toys & Games,EU,EUR,13.24,4.45,1.09,9.9,7.8,6.6,0.095,4.4,3727,3,9,0.06,0.069,33541,501,2204.4,0.3323,1
Coffee Frother Handheld,Home & Kitchen,UK,GBP,6.99,2.3,0.23,27.0,12.7,4.7,0.11,4.3,783,3,6,0.06,0.072,6417,217,420.98,0.2775,1
Boldfit Yoga Mat (6mm),Sports & Fitness,UAE,AED,43.71,11.02,1.36,27.7,22.4,9.4,0.1,4.2,559,3,8,0.05,0.074,5459,573,8681.96,0.3466,1
Maybelline Matte Liquid Lipstick,Beauty & Personal Care,US,USD,6.99,1.54,1.56,21.9,10.0,6.9,0.09,5.0,748,3,8,0.04,0.111,18084,436,558.08,0.1831,1
Prestige Mixer Grinder 750W,Home & Kitchen,UK,GBP,29.33,7.41,1.01,9.6,8.8,4.3,0.11,4.7,1587,1,8,0.06,0.102,7650,1196,7913.68,0.2256,1
Adidas Training Trackpants,Apparel & Fashion,IN,INR,2193.17,535.58,1.06,24.4,13.0,6.0,0.15,4.8,4337,4,7,0.12,0.088,34202,566,411932.21,0.3318,1
Coffee Frother Handheld,Home & Kitchen,US,USD,6.99,1.64,1.3,26.1,23.2,11.4,0.11,4.4,743,3,6,0.06,0.07,2599,635,1422.4,0.3205,1
Hot Wheels Remote Control Car,Toys & Games,UAE,AED,57.55,16.66,0.23,15.4,6.8,6.7,0.095,4.3,729,2,9,0.06,0.115,3957,457,8710.46,0.3312,1
Minimalist Sunscreen SPF 50,Beauty & Personal Care,US,USD,6.99,2.39,0.09,13.2,12.8,4.7,0.09,4.5,3319,4,6,0.04,0.083,17415,665,897.75,0.1931,1
Adidas Training Trackpants,Apparel & Fashion,UK,GBP,23.03,6.02,0.57,20.3,10.4,3.6,0.15,4.5,11060,1,9,0.12,0.07,3936,783,3292.19,0.1826,1
Minimalist Sunscreen SPF 50,Beauty & Personal Care,IN,INR,406.42,98.67,1.44,27.9,27.4,8.7,0.09,4.3,529,4,8,0.04,0.111,4020,330,19791.82,0.1476,1
LED Desk Lamp with Wireless Charging,Home & Kitchen,US,USD,15.14,3.68,1.35,18.0,17.9,3.8,0.11,4.3,1399,3,5,0.06,0.072,30583,635,1827.63,0.1901,1
Apple Watch Sport Loop Band,Consumer Electronics,IN,INR,1249.98,400.95,1.54,20.1,17.6,7.4,0.08,3.9,1294,4,6,0.08,0.07,6752,429,166834.84,0.3111,1
Wooden Educational Puzzle,Toys & Games,UAE,AED,17.24,4.81,0.18,10.4,7.0,4.9,0.095,4.8,2367,3,7,0.06,0.08,6826,494,609.49,0.0716,0
iPhone 20W USB-C Fast Charger Adapter,Consumer Electronics,UAE,AED,71.39,14.84,0.1,25.5,15.3,4.6,0.08,4.5,1337,4,8,0.08,0.086,48745,581,19832.04,0.4781,1
Sport Socks (3 Pack),Apparel & Fashion,US,USD,6.99,2.25,0.42,12.7,10.5,6.0,0.15,4.7,3866,3,8,0.12,0.061,15013,534,774.3,0.2074,1
Levi's Slim Fit Stretch Jeans,Apparel & Fashion,UK,GBP,33.6,11.33,0.37,10.7,6.4,6.1,0.15,4.3,1243,4,6,0.12,0.092,5100,126,575.43,0.1359,1
Protein Shaker Bottle 700ml,Sports & Fitness,IN,INR,671.6,225.83,1.42,8.4,6.8,5.4,0.1,4.5,1857,2,7,0.05,0.055,45803,1148,172171.41,0.2233,1
Cosco Badminton Racket Set,Sports & Fitness,EU,EUR,8.71,2.44,0.6,16.6,7.9,5.8,0.1,4.4,479,1,8,0.05,0.093,28623,556,1228.76,0.2537,1
Resistance Loop Bands Set,Sports & Fitness,UK,GBP,6.99,1.6,1.4,13.8,12.0,4.9,0.1,4.3,4652,3,5,0.05,0.115,7709,331,476.64,0.206,1
Bubble Gun Blaster,Toys & Games,UAE,AED,19.82,5.33,1.63,28.5,14.6,8.7,0.095,4.0,683,1,7,0.06,0.053,5763,751,1775.5,0.1193,0
Samsung Galaxy S24 Armor Cover,Consumer Electronics,US,USD,6.99,1.64,1.46,26.7,16.0,8.4,0.08,4.2,634,3,6,0.08,0.077,14875,644,1127.0,0.2504,1
Cosco Badminton Racket Set,Sports & Fitness,EU,EUR,20.0,4.15,0.44,20.4,14.9,3.5,0.1,4.9,2146,2,6,0.05,0.095,2874,661,3116.76,0.2358,1
Protein Shaker Bottle 700ml,Sports & Fitness,US,USD,6.99,1.53,1.71,18.5,10.0,8.4,0.1,3.8,2856,4,7,0.05,0.111,2173,342,660.06,0.2761,1
iPhone 15 Pro Max Clear MagSafe Case,Consumer Electronics,UAE,AED,63.1,13.91,0.47,27.4,6.4,5.6,0.08,3.6,360,1,6,0.08,0.107,12394,367,9985.42,0.4312,1
Hot Wheels Remote Control Car,Toys & Games,US,USD,19.19,5.86,1.72,19.7,11.5,11.1,0.095,4.0,552,4,9,0.06,0.109,16622,195,611.48,0.1634,1
Mamaearth Vitamin C Face Serum,Beauty & Personal Care,UAE,AED,25.76,5.92,1.11,9.3,7.4,5.4,0.09,4.9,2989,2,7,0.04,0.104,4521,328,1907.39,0.2257,1
Cosco Badminton Racket Set,Sports & Fitness,EU,EUR,14.76,5.02,1.52,26.5,12.2,7.0,0.1,4.0,397,2,7,0.05,0.116,5341,292,838.04,0.1944,1
Cosco Badminton Racket Set,Sports & Fitness,UK,GBP,16.79,4.82,1.23,28.1,13.6,9.6,0.1,4.6,997,3,8,0.05,0.076,1503,550,1036.43,0.1122,0
Protein Shaker Bottle 700ml,Sports & Fitness,UAE,AED,17.35,4.01,0.51,25.7,11.5,4.6,0.1,4.7,764,4,8,0.05,0.055,20777,281,684.42,0.1404,1
Adidas Training Trackpants,Apparel & Fashion,UAE,AED,78.07,25.18,1.73,25.4,17.7,10.3,0.15,4.1,1998,1,7,0.12,0.07,13872,857,20552.39,0.3072,1
Sport Socks (3 Pack),Apparel & Fashion,EU,EUR,6.99,2.27,0.54,17.9,12.4,9.2,0.15,4.3,1907,1,9,0.12,0.061,8261,1342,2858.46,0.3047,1
Cosco Badminton Racket Set,Sports & Fitness,UK,GBP,6.99,1.61,0.92,27.3,17.2,16.2,0.1,3.8,541,1,5,0.05,0.106,33682,352,823.68,0.3348,1
Nivea Soft Moisturizing Cream,Beauty & Personal Care,UAE,AED,23.33,6.49,1.24,25.1,8.5,6.3,0.09,4.4,602,2,7,0.04,0.063,9429,482,2065.17,0.1837,1
Resistance Loop Bands Set,Sports & Fitness,IN,INR,629.43,132.91,0.95,12.0,9.4,7.1,0.1,4.9,963,2,8,0.05,0.104,10768,716,132219.12,0.2934,1
Bubble Gun Blaster,Toys & Games,UAE,AED,21.64,4.39,1.2,21.6,10.8,3.7,0.095,4.2,1011,4,8,0.06,0.091,2124,429,1823.16,0.1964,1
Rubik's Speed Cube 3x3,Toys & Games,US,USD,6.99,2.33,0.1,12.4,12.1,8.6,0.095,4.3,392,1,7,0.06,0.067,9027,1014,2139.54,0.3019,1
LEGO Classic Building Blocks Set,Toys & Games,UAE,AED,115.95,30.29,0.41,19.4,18.2,15.2,0.095,4.5,1622,2,7,0.06,0.114,12191,339,16705.91,0.425,1
Nivea Soft Moisturizing Cream,Beauty & Personal Care,IN,INR,512.84,134.11,0.91,9.6,7.0,4.3,0.09,4.4,1276,4,8,0.04,0.097,10829,175,21391.06,0.2383,1
Beard Growth Oil,Beauty & Personal Care,US,USD,6.99,2.31,1.16,22.7,8.1,7.8,0.09,4.5,811,2,7,0.04,0.115,21123,850,1292.0,0.2175,1
Protein Shaker Bottle 700ml,Sports & Fitness,UK,GBP,6.99,2.05,1.4,10.3,10.1,9.3,0.1,4.6,1445,4,7,0.05,0.082,13677,273,581.49,0.3047,1
Rubik's Speed Cube 3x3,Toys & Games,IN,INR,351.73,103.54,1.28,23.6,6.9,6.4,0.095,3.9,765,2,7,0.06,0.084,8155,745,26085.17,0.0995,0
Sport Socks (3 Pack),Apparel & Fashion,UAE,AED,19.14,4.11,0.9,29.8,24.3,7.5,0.15,3.9,1140,4,8,0.12,0.105,5124,353,522.14,0.0773,0
Nivea Soft Moisturizing Cream,Beauty & Personal Care,UAE,AED,23.06,6.66,0.73,19.0,13.9,9.1,0.09,4.8,641,2,5,0.04,0.107,3467,755,2491.42,0.1431,1
Cosco Badminton Racket Set,Sports & Fitness,UK,GBP,14.99,5.09,1.71,16.1,7.4,5.3,0.1,4.2,1132,3,7,0.05,0.077,10031,629,18.58,0.002,0
Resistance Loop Bands Set,Sports & Fitness,EU,EUR,6.99,1.68,0.96,11.2,9.2,6.5,0.1,4.5,3999,2,8,0.05,0.116,3474,518,839.16,0.2318,1
Polarized UV Sunglasses,Apparel & Fashion,US,USD,16.72,5.78,1.56,10.4,10.2,6.0,0.15,4.4,420,3,7,0.12,0.088,10479,325,295.14,0.0543,0
Puma Premium Cotton T-Shirt,Apparel & Fashion,US,USD,11.05,3.65,1.22,17.5,15.4,14.2,0.15,4.4,852,2,6,0.12,0.053,29305,773,1777.9,0.2081,1
Adidas Training Trackpants,Apparel & Fashion,UK,GBP,20.36,6.68,1.65,13.8,13.1,6.2,0.15,4.2,417,3,8,0.12,0.1,5645,353,146.97,0.0204,0
Hot Wheels Remote Control Car,Toys & Games,UAE,AED,45.07,13.54,0.08,25.7,7.6,3.9,0.095,4.3,1007,3,5,0.06,0.072,15864,757,11176.6,0.3276,1
Protein Shaker Bottle 700ml,Sports & Fitness,IN,INR,308.37,81.57,1.59,14.6,6.8,5.9,0.1,4.8,432,4,10,0.05,0.06,4761,392,8103.07,0.067,0
Nike Air Running Shoes,Apparel & Fashion,UK,GBP,40.43,11.39,0.57,28.9,25.3,19.1,0.15,4.0,6093,3,7,0.12,0.061,7838,492,4792.86,0.2409,1
Sport Socks (3 Pack),Apparel & Fashion,IN,INR,408.85,89.68,0.82,14.0,13.1,3.4,0.15,4.7,397,1,7,0.12,0.118,6559,821,50733.92,0.1511,1
Beard Growth Oil,Beauty & Personal Care,EU,EUR,6.99,1.47,1.78,8.9,7.9,5.2,0.09,3.9,2170,3,10,0.04,0.055,4881,240,513.6,0.3062,1
Prestige Mixer Grinder 750W,Home & Kitchen,UK,GBP,24.91,7.12,0.45,27.0,25.8,14.8,0.11,4.0,426,3,7,0.06,0.069,12178,423,2281.66,0.2165,1
Hot Wheels Remote Control Car,Toys & Games,UAE,AED,84.73,21.98,1.27,18.8,12.6,5.6,0.095,3.9,2189,2,5,0.06,0.116,2103,427,14242.46,0.3937,1
Protein Shaker Bottle 700ml,Sports & Fitness,IN,INR,497.52,140.14,0.37,24.7,24.4,23.2,0.1,4.5,2178,2,7,0.05,0.082,28022,788,97792.03,0.2494,1
Gaming Mouse RGB,Consumer Electronics,US,USD,18.7,4.79,0.93,20.7,8.8,8.2,0.08,4.7,507,2,9,0.08,0.092,2647,310,1549.77,0.2673,1
iPhone 20W USB-C Fast Charger Adapter,Consumer Electronics,US,USD,15.85,4.13,1.09,10.0,7.7,3.8,0.08,4.4,2094,4,8,0.08,0.073,53640,154,560.02,0.2294,1
Wooden Educational Puzzle,Toys & Games,EU,EUR,6.99,1.84,1.2,8.5,8.0,5.7,0.095,4.3,615,1,7,0.06,0.113,5525,896,1200.64,0.1917,1
Smart Watch Fitness Tracker,Consumer Electronics,US,USD,41.77,11.94,0.78,16.0,8.2,6.5,0.08,4.0,1237,2,10,0.08,0.068,10797,794,13374.85,0.4033,1
Wooden Educational Puzzle,Toys & Games,UK,GBP,6.99,1.72,0.39,9.9,8.8,4.1,0.095,4.1,1156,4,9,0.06,0.083,2984,231,376.53,0.2332,1
Puma Premium Cotton T-Shirt,Apparel & Fashion,US,USD,11.47,3.44,0.57,18.1,8.3,4.1,0.15,4.2,841,3,7,0.12,0.059,2593,510,322.38,0.0551,0
Gaming Mouse RGB,Consumer Electronics,IN,INR,1086.88,322.49,0.66,23.6,15.8,6.3,0.08,4.2,1503,2,8,0.08,0.081,14468,418,152173.85,0.335,1
LEGO Classic Building Blocks Set,Toys & Games,UAE,AED,112.04,39.2,1.13,16.9,8.5,4.4,0.095,3.7,4026,2,7,0.06,0.076,8272,448,18621.01,0.371,1
Philips Electric Kettle 1.5L,Home & Kitchen,UK,GBP,16.07,4.78,1.14,15.4,13.7,3.4,0.11,4.4,1111,4,9,0.06,0.085,1679,401,484.67,0.0752,0
Microfiber Cleaning Cloths (6 Pack),Home & Kitchen,UK,GBP,6.99,1.87,0.67,11.0,8.2,5.6,0.11,4.9,1169,3,6,0.06,0.117,24565,694,964.66,0.1989,1
Apple Watch Sport Loop Band,Consumer Electronics,IN,INR,816.83,204.64,1.06,26.9,7.6,3.3,0.08,4.3,2007,1,8,0.08,0.088,3370,1234,326879.34,0.3243,1
Adidas Training Trackpants,Apparel & Fashion,EU,EUR,12.16,3.45,1.71,17.1,9.6,7.0,0.15,4.5,2927,4,6,0.12,0.07,23148,246,568.26,0.19,1
Resistance Loop Bands Set,Sports & Fitness,US,USD,6.99,1.93,1.04,24.0,12.4,8.8,0.1,4.8,1884,3,10,0.05,0.068,3278,262,400.86,0.2189,1
MacBook Air Aluminium Stand,Consumer Electronics,US,USD,20.82,6.79,1.29,25.4,12.8,7.0,0.08,4.0,444,2,7,0.08,0.091,4055,787,3499.82,0.2136,1
Hot Wheels Remote Control Car,Toys & Games,UK,GBP,7.92,2.51,0.51,26.3,20.3,19.4,0.095,4.9,1287,2,6,0.06,0.094,4426,766,1616.26,0.2664,1
Hot Wheels Remote Control Car,Toys & Games,IN,INR,1433.3,460.94,1.35,22.6,7.9,6.5,0.095,4.7,4136,3,8,0.06,0.054,2037,957,451218.05,0.329,1
Rubik's Speed Cube 3x3,Toys & Games,UAE,AED,14.95,4.21,0.33,24.4,6.2,3.5,0.095,4.9,4076,2,8,0.06,0.099,8520,1186,3190.34,0.1799,1
Wooden Educational Puzzle,Toys & Games,UAE,AED,17.68,4.95,1.24,17.2,14.2,8.8,0.095,4.5,3727,4,8,0.06,0.058,4789,672,831.3,0.07,0
Levi's Slim Fit Stretch Jeans,Apparel & Fashion,UAE,AED,66.88,23.38,0.56,22.7,9.0,6.5,0.15,4.3,2014,4,8,0.12,0.063,7242,396,7512.29,0.2836,1
Prestige Mixer Grinder 750W,Home & Kitchen,IN,INR,2748.14,678.73,0.39,27.8,14.7,5.9,0.11,3.8,2396,4,7,0.06,0.118,29129,246,242358.1,0.3585,1
Philips Electric Kettle 1.5L,Home & Kitchen,EU,EUR,16.1,3.6,1.27,19.3,14.7,13.4,0.11,4.7,2433,3,7,0.06,0.084,7014,708,1519.94,0.1333,1
Wonderchef Non-Stick Tawa,Home & Kitchen,UK,GBP,13.76,4.13,0.16,15.2,11.7,3.5,0.11,4.4,956,3,7,0.06,0.081,4019,319,305.9,0.0697,0
Polarized UV Sunglasses,Apparel & Fashion,EU,EUR,13.4,3.71,0.42,15.0,11.3,3.6,0.15,4.6,2449,1,8,0.12,0.1,10574,1223,136.32,0.0083,0
Hot Wheels Remote Control Car,Toys & Games,EU,EUR,17.25,3.55,1.15,25.1,15.6,7.5,0.095,4.7,2120,2,6,0.06,0.111,22061,632,1788.37,0.164,1
LEGO Classic Building Blocks Set,Toys & Games,IN,INR,1965.58,653.41,0.99,19.4,13.7,11.0,0.095,5.0,1337,4,8,0.06,0.057,20753,592,399730.43,0.3435,1
Wonderchef Non-Stick Tawa,Home & Kitchen,EU,EUR,10.42,2.56,1.52,9.6,9.2,4.6,0.11,4.6,2050,3,8,0.06,0.079,7401,733,1737.21,0.2274,1
Hot Wheels Remote Control Car,Toys & Games,IN,INR,1995.02,623.68,1.19,15.8,6.5,3.1,0.095,4.9,1506,3,8,0.06,0.109,7896,220,133953.72,0.3052,1
Prestige Mixer Grinder 750W,Home & Kitchen,UAE,AED,123.48,32.98,0.2,29.0,11.1,10.5,0.11,4.5,1561,2,7,0.06,0.115,20809,220,11065.17,0.4073,1
Wonderchef Non-Stick Tawa,Home & Kitchen,UK,GBP,13.16,2.91,0.25,17.3,16.6,10.4,0.11,4.1,351,3,8,0.06,0.107,15565,150,219.9,0.1114,0
Bubble Gun Blaster,Toys & Games,UK,GBP,6.99,1.62,1.22,9.7,8.2,3.9,0.095,4.1,1283,4,9,0.06,0.092,20447,156,252.72,0.2318,1
Rubik's Speed Cube 3x3,Toys & Games,UAE,AED,18.18,4.07,1.26,10.8,8.0,4.2,0.095,4.1,3552,2,9,0.06,0.112,14821,379,562.59,0.0817,0
Smart Watch Fitness Tracker,Consumer Electronics,UAE,AED,69.28,17.92,1.31,22.5,16.3,6.8,0.08,4.2,2254,4,7,0.08,0.085,5507,421,12177.88,0.4175,1
Hot Wheels Remote Control Car,Toys & Games,UAE,AED,52.12,13.04,0.12,15.5,13.6,12.5,0.095,3.6,396,1,9,0.06,0.112,42042,148,2764.74,0.3584,1
iPhone 15 Pro Max Clear MagSafe Case,Consumer Electronics,UAE,AED,49.87,12.53,1.67,8.5,7.5,5.5,0.08,4.3,1934,2,6,0.08,0.101,40172,203,3615.44,0.3571,1
Decathlon Rubber Dumbbells Set (5kg),Sports & Fitness,UAE,AED,48.81,11.47,0.53,8.8,6.3,6.3,0.1,4.2,519,2,7,0.05,0.1,5657,790,14277.12,0.3703,1
Resistance Loop Bands Set,Sports & Fitness,EU,EUR,6.99,1.63,0.18,10.3,7.9,4.1,0.1,3.9,4583,1,8,0.05,0.113,7626,840,1436.4,0.2446,1
Bubble Gun Blaster,Toys & Games,US,USD,6.99,2.16,0.86,26.8,25.6,10.6,0.095,4.1,685,4,8,0.06,0.079,30788,155,224.75,0.2074,1
Resistance Loop Bands Set,Sports & Fitness,IN,INR,554.05,161.15,1.27,16.4,15.0,9.8,0.1,4.2,1287,1,7,0.05,0.107,26486,878,89492.92,0.184,1
LED Desk Lamp with Wireless Charging,Home & Kitchen,UK,GBP,12.43,2.71,0.1,14.7,12.1,10.2,0.11,4.4,1169,4,5,0.06,0.079,3552,204,319.57,0.126,1
Boldfit Yoga Mat (6mm),Sports & Fitness,UK,GBP,7.19,1.5,0.42,8.2,7.4,4.4,0.1,4.0,362,4,6,0.05,0.109,40929,78,185.64,0.331,1
LEGO Classic Building Blocks Set,Toys & Games,EU,EUR,21.06,5.93,1.2,16.5,12.8,3.4,0.095,4.4,1546,4,7,0.06,0.112,25714,152,422.09,0.1319,1
Mechanical Keyboard Combo,Consumer Electronics,EU,EUR,22.24,5.76,0.62,16.8,7.6,5.3,0.08,4.3,1361,2,9,0.08,0.109,10939,823,3734.41,0.204,1
iPhone 15 Pro Max Clear MagSafe Case,Consumer Electronics,UAE,AED,38.7,12.88,1.07,12.9,7.9,6.9,0.08,4.5,1103,4,7,0.08,0.084,8956,520,5210.46,0.2589,1
LEGO Classic Building Blocks Set,Toys & Games,EU,EUR,21.1,4.38,0.08,13.4,11.0,4.0,0.095,4.3,1915,1,6,0.06,0.1,2661,461,2389.84,0.2457,1
Maybelline Matte Liquid Lipstick,Beauty & Personal Care,IN,INR,772.18,184.63,1.55,27.0,22.2,6.2,0.09,4.6,1712,3,8,0.04,0.074,3319,378,90692.19,0.3107,1
Coffee Frother Handheld,Home & Kitchen,UK,GBP,6.99,2.01,0.7,18.5,10.5,7.8,0.11,4.1,1821,2,7,0.06,0.101,6077,970,2318.3,0.3419,1
Adidas Training Trackpants,Apparel & Fashion,UK,GBP,9.26,2.69,0.18,27.7,17.5,12.7,0.15,4.3,409,4,8,0.12,0.112,3433,197,472.8,0.2592,1
Maybelline Matte Liquid Lipstick,Beauty & Personal Care,UK,GBP,6.99,1.43,0.55,8.7,7.1,6.7,0.09,4.0,4171,2,8,0.04,0.103,18790,846,1269.0,0.2146,1
iPhone Tempered Glass Screen Protector (2 Pack),Consumer Electronics,EU,EUR,6.99,2.12,0.46,17.7,15.1,12.5,0.08,4.8,3086,4,7,0.08,0.096,5983,275,448.25,0.2332,1
Microfiber Cleaning Cloths (6 Pack),Home & Kitchen,UAE,AED,14.65,3.53,0.44,18.0,16.9,4.5,0.11,4.7,500,2,9,0.06,0.115,7829,721,3258.92,0.3085,1
Apple Watch Sport Loop Band,Consumer Electronics,IN,INR,704.89,214.31,0.15,26.5,15.2,10.8,0.08,4.6,2569,4,6,0.08,0.083,10031,463,95817.65,0.2936,1
Minimalist Sunscreen SPF 50,Beauty & Personal Care,UAE,AED,29.03,7.97,1.53,25.6,14.0,5.5,0.09,4.8,737,4,7,0.04,0.087,7606,520,3370.08,0.2232,1
Wonderchef Non-Stick Tawa,Home & Kitchen,US,USD,14.44,3.42,0.27,25.5,7.9,4.3,0.11,4.3,5770,3,9,0.06,0.119,2085,389,1011.71,0.1801,1
Nike Air Running Shoes,Apparel & Fashion,US,USD,62.27,16.67,0.25,23.6,6.5,6.0,0.15,4.7,1110,1,8,0.12,0.074,10672,584,13875.51,0.3816,1
Wooden Educational Puzzle,Toys & Games,IN,INR,597.32,176.07,0.52,28.9,9.9,9.7,0.095,4.4,958,1,7,0.06,0.081,9507,875,140423.36,0.2687,1
Philips Electric Kettle 1.5L,Home & Kitchen,US,USD,15.64,4.85,1.26,26.3,11.1,7.9,0.11,3.9,1348,1,9,0.06,0.072,4867,328,728.82,0.1421,1
Wireless Noise Cancelling Earbuds,Consumer Electronics,UAE,AED,53.07,16.05,1.22,28.9,22.7,4.0,0.08,5.0,5949,1,6,0.08,0.087,2713,2039,36647.99,0.3387,1
LEGO Classic Building Blocks Set,Toys & Games,US,USD,15.02,4.0,1.09,26.0,25.8,11.9,0.095,4.0,1374,4,8,0.06,0.102,11193,381,940.94,0.1644,1
LED Desk Lamp with Wireless Charging,Home & Kitchen,UK,GBP,10.51,3.64,1.22,17.0,9.1,7.5,0.11,4.2,1482,2,7,0.06,0.07,3256,728,2227.68,0.2912,1
LED Desk Lamp with Wireless Charging,Home & Kitchen,IN,INR,1110.63,222.17,0.3,28.5,25.5,8.3,0.11,4.6,5655,3,9,0.06,0.076,2419,824,364450.24,0.3982,1
Bubble Gun Blaster,Toys & Games,US,USD,6.99,2.41,1.01,14.3,7.0,5.8,0.095,4.0,4872,3,9,0.06,0.052,37048,354,580.56,0.2346,1
Cosco Badminton Racket Set,Sports & Fitness,UAE,AED,43.93,12.31,1.5,10.3,10.1,8.6,0.1,4.6,1079,2,6,0.05,0.078,47574,988,13630.8,0.3141,1
Microfiber Cleaning Cloths (6 Pack),Home & Kitchen,EU,EUR,6.99,1.84,0.91,16.3,9.7,3.4,0.11,4.2,674,2,10,0.06,0.107,10828,783,1260.63,0.2303,1
Puma Premium Cotton T-Shirt,Apparel & Fashion,UK,GBP,8.76,2.13,0.49,24.1,6.7,3.4,0.15,4.2,763,1,7,0.12,0.116,7853,721,2076.48,0.3288,1
Decathlon Rubber Dumbbells Set (5kg),Sports & Fitness,UAE,AED,61.95,15.5,0.44,16.3,9.3,7.3,0.1,4.6,452,4,5,0.05,0.063,40193,270,7121.16,0.4257,1
Maybelline Matte Liquid Lipstick,Beauty & Personal Care,UAE,AED,22.75,6.82,0.52,10.8,6.3,4.0,0.09,4.3,2495,3,7,0.04,0.051,8180,562,2447.62,0.1914,1
Cosco Badminton Racket Set,Sports & Fitness,UK,GBP,12.1,3.44,0.62,14.5,12.2,11.0,0.1,4.3,1552,4,8,0.05,0.075,13959,155,107.79,0.0575,0
Milton Insulated Water Bottle 1L,Home & Kitchen,UK,GBP,6.99,1.61,0.86,25.5,17.5,4.4,0.11,4.9,2710,4,8,0.06,0.094,18838,234,482.04,0.2947,1
Resistance Loop Bands Set,Sports & Fitness,US,USD,6.99,1.83,0.65,22.7,9.6,6.9,0.1,4.7,785,2,7,0.05,0.119,23586,818,1112.48,0.1946,1
Sport Socks (3 Pack),Apparel & Fashion,US,USD,6.99,2.19,0.12,26.0,6.3,5.2,0.15,4.8,2136,2,6,0.12,0.074,2510,383,750.68,0.2804,1
Smart Watch Fitness Tracker,Consumer Electronics,UK,GBP,27.45,8.55,0.96,17.3,10.5,3.2,0.08,4.3,1679,4,8,0.08,0.109,1753,302,1489.51,0.1797,1
Protein Shaker Bottle 700ml,Sports & Fitness,UK,GBP,6.99,1.93,1.75,23.3,7.2,3.8,0.1,4.6,1792,2,8,0.05,0.095,26186,259,567.21,0.3133,1
Milton Insulated Water Bottle 1L,Home & Kitchen,UK,GBP,6.99,2.14,0.45,8.9,6.6,3.6,0.11,4.1,1415,2,5,0.06,0.083,1914,397,786.06,0.2833,1
LEGO Classic Building Blocks Set,Toys & Games,EU,EUR,18.14,4.44,1.57,24.4,21.8,12.3,0.095,4.5,696,4,7,0.06,0.081,25926,124,335.02,0.1489,1
Smart Watch Fitness Tracker,Consumer Electronics,EU,EUR,18.7,6.27,1.57,18.2,15.1,10.5,0.08,4.3,2661,2,9,0.08,0.082,10827,1129,1646.72,0.078,0
Adidas Training Trackpants,Apparel & Fashion,IN,INR,1639.19,520.87,1.49,20.2,8.6,5.6,0.15,5.0,3008,1,7,0.12,0.053,12629,1790,823607.55,0.2807,1
Coffee Frother Handheld,Home & Kitchen,IN,INR,418.06,103.51,0.56,19.7,6.7,3.6,0.11,4.3,748,2,8,0.06,0.082,21691,600,58392.82,0.2328,1
Coffee Frother Handheld,Home & Kitchen,UK,GBP,6.99,2.23,1.14,10.5,6.7,4.6,0.11,4.8,1653,3,7,0.06,0.077,5101,331,642.14,0.2775,1
Apple AirPods Pro Wireless Charging Case,Consumer Electronics,EU,EUR,39.09,10.84,0.37,22.6,20.2,7.4,0.08,4.5,957,2,7,0.08,0.092,14540,285,3166.87,0.2843,1
Wooden Educational Puzzle,Toys & Games,IN,INR,389.33,133.88,1.31,25.3,19.6,12.8,0.095,4.7,5064,2,7,0.06,0.085,13756,1447,46930.61,0.0833,0
Rubik's Speed Cube 3x3,Toys & Games,UAE,AED,16.82,4.51,0.44,8.1,6.5,4.8,0.095,4.1,6267,4,5,0.06,0.075,3506,328,420.16,0.0762,0
Cosco Badminton Racket Set,Sports & Fitness,US,USD,9.01,2.85,1.06,24.7,8.8,6.3,0.1,4.2,367,3,7,0.05,0.059,3240,274,857.62,0.3474,1
Minimalist Sunscreen SPF 50,Beauty & Personal Care,UK,GBP,6.99,1.53,0.42,20.9,7.0,6.4,0.09,4.3,1885,3,7,0.04,0.079,4744,340,693.6,0.2918,1
Puma Premium Cotton T-Shirt,Apparel & Fashion,EU,EUR,8.69,1.97,1.27,20.4,18.4,4.8,0.15,4.6,533,4,9,0.12,0.099,42102,292,516.84,0.2037,1
Mechanical Keyboard Combo,Consumer Electronics,UK,GBP,28.76,7.4,1.73,15.3,14.9,13.7,0.08,4.6,8490,4,7,0.08,0.068,11780,418,3138.25,0.261,1
Milton Insulated Water Bottle 1L,Home & Kitchen,EU,EUR,6.99,1.41,0.46,14.2,9.6,4.1,0.11,4.5,483,3,8,0.06,0.096,45300,546,687.96,0.1803,1
Power Bank 20000mAh,Consumer Electronics,UK,GBP,14.77,5.01,1.68,23.9,19.7,4.5,0.08,3.9,649,2,8,0.08,0.107,10352,231,1159.62,0.3399,1
Apple Watch Sport Loop Band,Consumer Electronics,US,USD,7.71,2.67,1.79,20.2,8.4,4.7,0.08,3.9,844,4,7,0.08,0.118,20004,126,175.14,0.1803,1
Prestige Mixer Grinder 750W,Home & Kitchen,EU,EUR,41.2,13.9,0.58,12.1,10.0,8.0,0.11,4.1,785,3,9,0.06,0.117,10057,641,4575.87,0.1733,1
Minimalist Sunscreen SPF 50,Beauty & Personal Care,US,USD,7.68,2.06,0.81,11.4,8.3,5.8,0.09,4.4,2630,2,7,0.04,0.098,35142,869,1225.29,0.1836,1
Cosco Badminton Racket Set,Sports & Fitness,UK,GBP,12.66,4.03,1.01,15.1,7.2,6.7,0.1,4.7,1672,3,7,0.05,0.097,16568,840,2637.6,0.248,1
Wooden Educational Puzzle,Toys & Games,UK,GBP,6.99,2.24,0.72,16.5,7.0,6.7,0.095,4.5,1149,4,7,0.06,0.078,2472,427,836.92,0.2804,1
Hot Wheels Remote Control Car,Toys & Games,US,USD,20.54,6.66,0.37,27.7,20.2,18.2,0.095,5.0,4120,2,6,0.06,0.113,5990,925,3936.95,0.2072,1
Bubble Gun Blaster,Toys & Games,US,USD,6.99,1.8,0.57,13.9,12.8,3.7,0.095,4.1,983,4,8,0.06,0.054,21979,188,434.28,0.3305,1
Boldfit Yoga Mat (6mm),Sports & Fitness,US,USD,9.5,2.56,0.89,27.2,22.2,12.9,0.1,4.7,364,1,8,0.05,0.078,20375,1224,153.73,0.0132,0
LEGO Classic Building Blocks Set,Toys & Games,IN,INR,1930.4,539.44,0.68,19.5,14.8,7.9,0.095,4.6,602,1,8,0.06,0.082,17782,707,501357.12,0.3674,1
Coffee Frother Handheld,Home & Kitchen,UK,GBP,6.99,2.07,1.59,17.2,16.2,16.1,0.11,4.3,4855,2,7,0.06,0.117,1711,329,477.05,0.2074,1
Rubik's Speed Cube 3x3,Toys & Games,IN,INR,498.0,113.05,0.94,26.7,6.4,5.1,0.095,4.6,849,1,7,0.06,0.098,5005,1063,133713.07,0.2526,1
Resistance Loop Bands Set,Sports & Fitness,US,USD,6.99,1.83,0.58,25.8,21.8,11.6,0.1,4.9,2983,3,9,0.05,0.08,5811,474,900.6,0.2718,1
Protein Shaker Bottle 700ml,Sports & Fitness,IN,INR,478.66,127.33,0.24,23.8,9.8,4.3,0.1,4.0,1665,4,7,0.05,0.076,12285,264,33151.31,0.2623,1
iPhone 15 Pro Max Clear MagSafe Case,Consumer Electronics,UK,GBP,7.62,1.7,1.59,17.5,10.7,3.3,0.08,5.0,1577,4,7,0.08,0.099,5569,242,585.64,0.3176,1
Smart Watch Fitness Tracker,Consumer Electronics,IN,INR,4329.95,954.28,0.94,12.7,6.4,4.1,0.08,4.5,1494,3,7,0.08,0.06,24615,167,343049.38,0.4744,1
Levi's Slim Fit Stretch Jeans,Apparel & Fashion,UAE,AED,82.75,24.07,0.66,20.9,10.7,3.7,0.15,4.2,1187,4,7,0.12,0.096,1670,200,5436.76,0.3285,1
iPhone 20W USB-C Fast Charger Adapter,Consumer Electronics,US,USD,15.73,4.58,1.74,21.0,13.1,8.8,0.08,4.1,807,2,7,0.08,0.085,11294,723,1741.54,0.1531,1
LED Desk Lamp with Wireless Charging,Home & Kitchen,US,USD,10.4,3.21,1.47,14.4,11.6,6.7,0.11,5.0,3572,3,8,0.06,0.085,21114,543,1227.18,0.2173,1
Adidas Training Trackpants,Apparel & Fashion,EU,EUR,16.71,5.51,1.33,16.9,8.3,4.9,0.15,4.2,2389,1,7,0.12,0.068,8325,769,71.51,0.0056,0
L'Oreal Hair Repair Shampoo & Conditioner,Beauty & Personal Care,EU,EUR,9.78,2.53,0.22,10.0,8.4,6.2,0.09,3.9,433,2,5,0.04,0.086,3767,445,858.85,0.1973,1
Sport Socks (3 Pack),Apparel & Fashion,US,USD,6.99,1.5,1.13,12.3,7.6,3.8,0.15,4.2,703,1,6,0.12,0.084,17079,228,428.64,0.269,1
Samsung Galaxy S24 Armor Cover,Consumer Electronics,IN,INR,1217.91,273.61,1.46,25.4,8.5,5.2,0.08,4.2,808,4,7,0.08,0.089,42819,248,112473.32,0.3724,1
Resistance Loop Bands Set,Sports & Fitness,UK,GBP,6.99,2.42,0.48,25.0,12.4,4.3,0.1,4.3,1963,1,8,0.05,0.09,11087,807,1718.91,0.3047,1
Rubik's Speed Cube 3x3,Toys & Games,IN,INR,270.94,81.34,1.62,9.3,6.5,5.5,0.095,3.8,570,1,6,0.06,0.085,10564,262,21992.28,0.3098,1
Beard Growth Oil,Beauty & Personal Care,UK,GBP,6.99,1.9,1.79,23.1,20.4,10.2,0.09,4.3,1121,3,7,0.04,0.109,16383,366,768.6,0.3004,1
Smart Watch Fitness Tracker,Consumer Electronics,UAE,AED,139.24,35.31,1.07,15.5,6.8,6.8,0.08,4.3,1926,1,8,0.08,0.073,5755,711,48994.17,0.4949,1
Coffee Frother Handheld,Home & Kitchen,US,USD,6.99,1.83,1.32,19.3,18.5,3.6,0.11,5.0,4142,4,8,0.06,0.053,28402,550,852.5,0.2217,1
iPhone 20W USB-C Fast Charger Adapter,Consumer Electronics,EU,EUR,19.24,3.9,1.34,28.5,20.8,10.8,0.08,4.3,2105,3,7,0.08,0.084,4876,241,1055.17,0.2276,1
Boldfit Yoga Mat (6mm),Sports & Fitness,UAE,AED,28.82,8.25,1.15,19.1,16.7,14.8,0.1,4.2,1600,2,10,0.05,0.095,36361,493,2868.82,0.2019,1
Apple AirPods Pro Wireless Charging Case,Consumer Electronics,EU,EUR,31.14,9.36,0.09,28.3,8.5,3.5,0.08,4.1,711,2,6,0.08,0.091,1986,487,3571.35,0.2355,1
Apple Watch Sport Loop Band,Consumer Electronics,UK,GBP,6.99,2.25,1.27,23.9,18.5,7.8,0.08,4.3,3023,2,7,0.08,0.119,1636,704,999.68,0.2031,1
LED Desk Lamp with Wireless Charging,Home & Kitchen,UAE,AED,50.58,14.51,0.21,28.8,14.3,13.3,0.11,4.6,1749,4,8,0.06,0.094,15371,451,7339.6,0.3217,1
Adidas Training Trackpants,Apparel & Fashion,UAE,AED,78.29,27.24,1.34,25.1,22.7,7.2,0.15,4.4,1432,2,6,0.12,0.108,13343,621,12092.68,0.2487,1
Cosco Badminton Racket Set,Sports & Fitness,IN,INR,1331.49,273.93,1.14,26.2,9.2,6.7,0.1,4.1,547,1,8,0.05,0.119,5112,540,255670.34,0.3556,1
Mamaearth Vitamin C Face Serum,Beauty & Personal Care,IN,INR,467.53,140.32,1.13,22.2,7.4,6.9,0.09,3.9,1280,1,6,0.04,0.077,38582,983,88531.07,0.1926,1
Protein Shaker Bottle 700ml,Sports & Fitness,EU,EUR,6.99,2.3,1.42,28.5,11.5,7.9,0.1,4.6,358,4,7,0.05,0.09,6954,231,466.62,0.289,1
Gaming Mouse RGB,Consumer Electronics,EU,EUR,22.98,6.7,1.55,13.8,10.1,6.2,0.08,4.4,1974,3,7,0.08,0.091,13359,702,2621.37,0.1625,1
Mamaearth Vitamin C Face Serum,Beauty & Personal Care,UK,GBP,6.99,1.52,1.11,14.0,6.6,4.5,0.09,3.8,2261,3,8,0.04,0.095,21183,307,623.21,0.2904,1
L'Oreal Hair Repair Shampoo & Conditioner,Beauty & Personal Care,UAE,AED,31.48,8.91,0.1,23.3,12.5,12.0,0.09,4.5,785,2,9,0.04,0.064,10562,503,4538.22,0.2866,1
Wooden Educational Puzzle,Toys & Games,UAE,AED,21.15,5.86,0.36,29.5,8.5,8.1,0.095,4.4,2285,1,9,0.06,0.081,7329,1060,3426.75,0.1529,1
Nike Air Running Shoes,Apparel & Fashion,UAE,AED,153.24,43.94,0.94,20.7,10.2,5.6,0.15,4.3,514,1,7,0.12,0.107,16559,246,13664.26,0.3625,1
Nike Air Running Shoes,Apparel & Fashion,IN,INR,3371.0,1114.9,0.91,14.7,10.5,5.9,0.15,4.1,9058,4,8,0.12,0.08,18840,289,276447.11,0.2838,1
Wooden Educational Puzzle,Toys & Games,US,USD,6.99,2.27,0.86,23.8,7.9,7.1,0.095,4.1,585,3,8,0.06,0.072,5655,641,1153.8,0.2575,1
iPhone 20W USB-C Fast Charger Adapter,Consumer Electronics,EU,EUR,8.08,2.1,1.06,29.0,17.9,15.2,0.08,4.2,917,1,8,0.08,0.09,28938,1175,2079.75,0.2191,1
Nivea Soft Moisturizing Cream,Beauty & Personal Care,EU,EUR,6.99,1.61,1.67,26.8,22.1,10.5,0.09,3.5,788,3,8,0.04,0.085,3478,101,233.31,0.3305,1
Philips Electric Kettle 1.5L,Home & Kitchen,IN,INR,1650.68,434.84,0.97,16.1,13.5,11.2,0.11,4.6,693,2,9,0.06,0.074,7123,635,377568.21,0.3602,1
Minimalist Sunscreen SPF 50,Beauty & Personal Care,UK,GBP,6.99,1.74,0.32,16.8,16.6,6.1,0.09,4.0,460,4,10,0.04,0.084,11579,301,689.29,0.3276,1
iPhone 20W USB-C Fast Charger Adapter,Consumer Electronics,IN,INR,1045.72,222.67,1.69,16.3,11.9,10.0,0.08,4.8,568,3,6,0.08,0.07,24841,264,104499.19,0.3785,1
Power Bank 20000mAh,Consumer Electronics,UAE,AED,68.21,20.98,1.7,19.6,13.3,7.7,0.08,4.3,1735,3,5,0.08,0.119,29242,799,17976.72,0.3298,1
Apple Watch Sport Loop Band,Consumer Electronics,UK,GBP,11.21,3.03,1.21,27.7,14.5,14.1,0.08,4.9,2205,4,6,0.08,0.117,20693,285,857.85,0.2685,1
Mechanical Keyboard Combo,Consumer Electronics,UK,GBP,20.1,6.36,1.03,22.5,11.3,7.0,0.08,4.0,681,2,10,0.08,0.117,20035,508,1119.91,0.1097,0
Decathlon Rubber Dumbbells Set (5kg),Sports & Fitness,UAE,AED,62.87,15.92,0.78,17.0,12.0,7.9,0.1,4.1,1377,4,7,0.05,0.062,39269,139,3688.28,0.4221,1
Milton Insulated Water Bottle 1L,Home & Kitchen,US,USD,8.59,2.57,0.77,28.0,20.0,16.1,0.11,4.5,2926,3,7,0.06,0.11,5924,315,617.4,0.2282,1
Mamaearth Vitamin C Face Serum,Beauty & Personal Care,EU,EUR,6.99,2.29,0.13,9.7,7.0,3.8,0.09,4.6,1592,1,7,0.04,0.05,8836,842,1170.38,0.1989,1
Nivea Soft Moisturizing Cream,Beauty & Personal Care,US,USD,6.99,2.13,1.32,24.0,6.0,5.9,0.09,4.5,496,4,8,0.04,0.102,17388,494,958.36,0.2775,1
Charcoal Deep Cleansing Face Wash,Beauty & Personal Care,EU,EUR,6.99,1.86,1.11,18.5,17.7,4.1,0.09,5.0,2704,1,8,0.04,0.091,41360,1860,2473.8,0.1903,1
Nike Air Running Shoes,Apparel & Fashion,EU,EUR,43.18,8.79,0.65,19.8,18.6,16.2,0.15,4.7,814,4,10,0.12,0.113,8712,566,6683.56,0.2735,1
Decathlon Rubber Dumbbells Set (5kg),Sports & Fitness,UAE,AED,90.19,23.23,1.35,18.5,7.5,7.2,0.1,4.9,1036,4,7,0.05,0.051,11098,176,7318.26,0.461,1
Milton Insulated Water Bottle 1L,Home & Kitchen,IN,INR,759.48,190.03,1.28,23.4,18.2,10.5,0.11,4.4,1247,1,9,0.06,0.064,2105,605,138072.57,0.3005,1
Polarized UV Sunglasses,Apparel & Fashion,UK,GBP,10.83,2.57,0.6,25.0,12.2,5.2,0.15,4.5,558,4,7,0.12,0.082,17779,310,31.24,0.0093,0
Nivea Soft Moisturizing Cream,Beauty & Personal Care,EU,EUR,6.99,2.25,0.16,14.5,8.4,3.8,0.09,4.1,1456,4,6,0.04,0.096,19295,244,405.04,0.2375,1
Milton Insulated Water Bottle 1L,Home & Kitchen,UAE,AED,25.42,7.15,0.12,9.8,7.6,7.3,0.11,4.3,3159,3,8,0.06,0.101,25529,618,2723.58,0.1734,1
Rubik's Speed Cube 3x3,Toys & Games,UAE,AED,15.35,3.58,0.96,20.1,13.6,9.0,0.095,4.5,4658,4,8,0.06,0.057,11066,275,257.77,0.0611,0
Wonderchef Non-Stick Tawa,Home & Kitchen,EU,EUR,15.12,4.17,1.37,11.1,7.3,6.1,0.11,4.3,811,3,6,0.06,0.074,7920,574,578.46,0.0667,0
Wooden Educational Puzzle,Toys & Games,EU,EUR,6.99,1.5,1.46,16.1,12.6,10.0,0.095,4.5,1786,2,7,0.06,0.08,41435,404,872.64,0.309,1
Nivea Soft Moisturizing Cream,Beauty & Personal Care,EU,EUR,6.99,1.75,1.47,23.3,19.2,10.1,0.09,4.2,705,4,9,0.04,0.094,6707,461,834.41,0.2589,1
Power Bank 20000mAh,Consumer Electronics,EU,EUR,25.03,7.04,1.53,24.8,7.1,7.1,0.08,4.6,1929,2,8,0.08,0.11,7482,352,1514.05,0.1718,1
Decathlon Rubber Dumbbells Set (5kg),Sports & Fitness,UAE,AED,89.4,20.58,0.21,25.3,22.1,6.1,0.1,4.5,1451,1,8,0.05,0.108,4519,784,30637.15,0.4371,1
Rubik's Speed Cube 3x3,Toys & Games,UK,GBP,6.99,1.93,0.99,25.7,21.6,13.8,0.095,4.2,427,4,8,0.06,0.111,5465,104,216.32,0.2976,1
LEGO Classic Building Blocks Set,Toys & Games,EU,EUR,18.43,6.11,0.59,8.3,6.7,5.1,0.095,4.6,3488,4,5,0.06,0.114,10182,278,383.7,0.0749,0
Microfiber Cleaning Cloths (6 Pack),Home & Kitchen,UK,GBP,6.99,2.39,1.8,13.2,11.2,6.1,0.11,4.1,384,3,5,0.06,0.098,12990,256,414.72,0.2318,1
Sport Socks (3 Pack),Apparel & Fashion,US,USD,6.99,1.82,0.48,19.8,8.7,5.9,0.15,4.5,2453,2,6,0.12,0.058,2529,723,1424.31,0.2818,1
Maybelline Matte Liquid Lipstick,Beauty & Personal Care,UK,GBP,6.99,1.95,0.97,28.3,18.2,11.9,0.09,4.6,2602,4,7,0.04,0.07,9428,590,1321.6,0.3205,1
Minimalist Sunscreen SPF 50,Beauty & Personal Care,UAE,AED,27.94,6.38,1.29,14.4,8.5,4.6,0.09,4.1,351,4,8,0.04,0.1,3044,127,887.78,0.2502,1
Resistance Loop Bands Set,Sports & Fitness,UAE,AED,19.99,5.14,0.9,9.0,8.9,7.2,0.1,4.0,1242,1,6,0.05,0.094,4431,345,813.52,0.118,0
Bubble Gun Blaster,Toys & Games,EU,EUR,6.99,1.67,0.73,27.2,20.1,8.8,0.095,4.4,2866,1,10,0.06,0.117,35097,1473,2754.51,0.2675,1
Microfiber Cleaning Cloths (6 Pack),Home & Kitchen,IN,INR,407.04,109.8,1.27,27.4,10.4,9.8,0.11,4.3,518,3,8,0.06,0.058,14833,294,20605.43,0.1722,1
Bubble Gun Blaster,Toys & Games,US,USD,6.99,2.34,1.15,8.1,6.4,3.3,0.095,4.4,416,1,5,0.06,0.074,16080,386,698.66,0.2589,1
Wooden Educational Puzzle,Toys & Games,UAE,AED,25.08,6.62,1.72,12.7,9.5,7.8,0.095,4.6,1062,3,8,0.06,0.082,14646,225,1022.04,0.1811,1
iPhone 15 Pro Max Clear MagSafe Case,Consumer Electronics,UK,GBP,8.48,1.9,1.02,19.7,7.0,5.8,0.08,4.0,1300,1,8,0.08,0.1,8546,715,1422.85,0.2347,1
LED Desk Lamp with Wireless Charging,Home & Kitchen,EU,EUR,16.16,5.51,1.24,9.6,7.7,7.2,0.11,4.3,3143,2,8,0.06,0.079,15581,655,234.14,0.0221,0
Adidas Training Trackpants,Apparel & Fashion,UK,GBP,19.8,4.06,1.1,12.1,8.1,4.8,0.15,3.8,520,4,7,0.12,0.06,10394,75,300.34,0.2023,1
Bubble Gun Blaster,Toys & Games,UAE,AED,25.67,5.58,1.71,24.1,17.5,12.4,0.095,5.0,1675,2,8,0.06,0.108,17928,358,1911.55,0.208,1
Wireless Noise Cancelling Earbuds,Consumer Electronics,EU,EUR,22.71,5.83,0.67,21.7,20.0,11.4,0.08,4.3,512,1,9,0.08,0.054,8195,258,1543.26,0.2634,1
Maybelline Matte Liquid Lipstick,Beauty & Personal Care,EU,EUR,6.99,2.15,1.36,9.1,6.7,4.0,0.09,4.1,565,1,8,0.04,0.116,4289,909,1581.66,0.2489,1
Puma Premium Cotton T-Shirt,Apparel & Fashion,US,USD,8.9,2.84,0.96,10.8,9.5,5.6,0.15,4.2,1383,3,6,0.12,0.074,8616,293,477.59,0.1831,1
LED Desk Lamp with Wireless Charging,Home & Kitchen,UK,GBP,15.27,3.45,0.16,22.4,18.7,15.8,0.11,4.0,2354,4,7,0.06,0.099,34221,192,449.7,0.1534,1
Maybelline Matte Liquid Lipstick,Beauty & Personal Care,EU,EUR,6.99,2.43,1.56,23.1,22.1,16.8,0.09,4.3,461,4,6,0.04,0.077,8338,363,598.95,0.2361,1
Levi's Slim Fit Stretch Jeans,Apparel & Fashion,UK,GBP,26.01,8.6,0.16,16.5,7.7,6.3,0.15,4.5,855,3,7,0.12,0.064,1761,791,2849.55,0.1385,1
LEGO Classic Building Blocks Set,Toys & Games,IN,INR,1730.78,351.77,0.91,19.0,10.2,4.0,0.095,4.9,2637,1,6,0.06,0.087,4634,1275,918274.12,0.4161,1
LEGO Classic Building Blocks Set,Toys & Games,EU,EUR,15.88,3.56,0.51,12.9,9.6,6.7,0.095,4.7,1582,2,8,0.06,0.068,2060,521,1638.74,0.1981,1
Decathlon Rubber Dumbbells Set (5kg),Sports & Fitness,US,USD,15.43,4.81,0.16,12.8,10.8,9.1,0.1,5.0,1086,2,7,0.05,0.061,13643,718,2185.79,0.1973,1
Resistance Loop Bands Set,Sports & Fitness,EU,EUR,8.52,1.79,0.95,15.2,10.7,3.2,0.1,4.7,1560,4,7,0.05,0.082,6454,272,568.48,0.2453,1
Beard Growth Oil,Beauty & Personal Care,US,USD,6.99,2.41,0.83,16.7,15.1,8.2,0.09,3.9,2390,2,8,0.04,0.087,22744,812,1226.12,0.216,1
Wooden Educational Puzzle,Toys & Games,US,USD,7.99,2.56,0.68,11.8,6.0,4.4,0.095,4.6,662,4,5,0.06,0.11,5094,218,455.62,0.2616,1
Bubble Gun Blaster,Toys & Games,IN,INR,448.66,104.21,0.55,11.7,10.1,8.5,0.095,4.9,2347,2,7,0.06,0.06,25587,1475,196036.62,0.2962,1
Resistance Loop Bands Set,Sports & Fitness,UK,GBP,6.99,1.59,0.3,11.0,9.7,6.1,0.1,4.6,1741,4,8,0.05,0.098,6731,123,248.46,0.289,1
Rubik's Speed Cube 3x3,Toys & Games,IN,INR,251.34,51.51,1.55,23.0,10.5,8.2,0.095,4.2,405,2,9,0.06,0.115,3076,398,26371.48,0.2636,1
LEGO Classic Building Blocks Set,Toys & Games,EU,EUR,25.92,6.05,0.54,13.3,13.2,5.0,0.095,4.6,588,1,8,0.06,0.118,31727,1314,8023.22,0.2356,1
Milton Insulated Water Bottle 1L,Home & Kitchen,UAE,AED,23.93,7.06,1.39,29.7,10.3,8.6,0.11,4.1,1170,3,7,0.06,0.106,12296,406,1039.73,0.107,0
Maybelline Matte Liquid Lipstick,Beauty & Personal Care,US,USD,9.49,2.47,1.14,16.0,9.9,7.8,0.09,4.4,2544,3,8,0.04,0.056,11263,325,101.17,0.0328,0
Cosco Badminton Racket Set,Sports & Fitness,UK,GBP,6.99,1.66,0.97,8.3,6.6,4.9,0.1,4.6,1904,4,8,0.05,0.079,23012,613,919.5,0.2146,1
Minimalist Sunscreen SPF 50,Beauty & Personal Care,UAE,AED,17.32,5.22,1.04,25.4,20.3,13.8,0.09,4.4,530,1,8,0.04,0.108,22527,475,43.64,0.0053,0
Adidas Training Trackpants,Apparel & Fashion,EU,EUR,26.71,8.13,1.11,18.1,10.4,5.6,0.15,4.8,2052,2,8,0.12,0.064,23458,835,3270.13,0.1466,1
Protein Shaker Bottle 700ml,Sports & Fitness,EU,EUR,6.99,1.96,1.41,22.5,12.8,11.8,0.1,4.3,2312,1,8,0.05,0.107,68403,1288,2073.68,0.2303,1
Levi's Slim Fit Stretch Jeans,Apparel & Fashion,US,USD,36.45,7.92,0.78,26.7,13.6,9.3,0.15,5.0,5762,2,8,0.12,0.054,29331,1145,16468.56,0.3946,1
iPhone Tempered Glass Screen Protector (2 Pack),Consumer Electronics,EU,EUR,6.99,1.48,1.04,15.3,7.4,6.7,0.08,4.6,2809,3,8,0.08,0.099,9316,186,277.14,0.2132,1
Resistance Loop Bands Set,Sports & Fitness,US,USD,9.03,2.04,0.57,19.4,9.5,4.4,0.1,4.2,439,4,8,0.05,0.076,12829,336,179.77,0.0592,0
LED Desk Lamp with Wireless Charging,Home & Kitchen,UAE,AED,55.45,15.8,0.71,28.6,7.2,5.8,0.11,4.4,655,4,8,0.06,0.071,2732,392,7751.19,0.3566,1
Wonderchef Non-Stick Tawa,Home & Kitchen,UK,GBP,12.49,3.84,1.33,10.2,9.0,7.1,0.11,4.4,591,2,7,0.06,0.089,8454,937,3785.48,0.3235,1
Wonderchef Non-Stick Tawa,Home & Kitchen,UAE,AED,30.67,6.91,0.13,15.2,14.4,4.1,0.11,4.1,4532,3,10,0.06,0.059,1919,304,2980.98,0.3197,1
Milton Insulated Water Bottle 1L,Home & Kitchen,US,USD,7.67,1.85,1.58,21.3,15.4,9.6,0.11,4.4,11767,4,6,0.06,0.108,25760,674,1017.74,0.1969,1
MacBook Air Aluminium Stand,Consumer Electronics,UAE,AED,58.78,11.78,0.6,10.4,8.1,6.5,0.08,4.5,4535,1,8,0.08,0.054,16658,325,9426.62,0.4935,1
Prestige Mixer Grinder 750W,Home & Kitchen,UK,GBP,27.33,6.51,0.65,13.9,10.0,6.1,0.11,5.0,1084,4,8,0.06,0.068,7519,223,1672.98,0.2745,1
Resistance Loop Bands Set,Sports & Fitness,UAE,AED,29.95,9.39,1.23,13.1,10.2,7.1,0.1,5.0,1365,4,6,0.05,0.09,3125,562,3182.94,0.1891,1
Beard Growth Oil,Beauty & Personal Care,UK,GBP,6.99,1.54,0.19,29.5,28.5,4.5,0.09,4.0,1346,4,7,0.04,0.108,15581,450,756.0,0.2403,1
Philips Electric Kettle 1.5L,Home & Kitchen,UK,GBP,13.91,3.43,1.64,27.1,17.8,7.8,0.11,4.3,939,1,9,0.06,0.083,3363,1096,902.97,0.0592,0
Levi's Slim Fit Stretch Jeans,Apparel & Fashion,US,USD,40.31,13.49,1.71,16.7,8.3,5.0,0.15,4.1,1751,3,7,0.12,0.083,1956,682,6791.77,0.2471,1
Cosco Badminton Racket Set,Sports & Fitness,US,USD,17.52,5.51,1.39,27.5,21.7,20.4,0.1,4.4,371,2,5,0.05,0.05,2987,349,1212.5,0.1983,1
Resistance Loop Bands Set,Sports & Fitness,UK,GBP,6.99,1.58,0.13,28.0,6.2,5.4,0.1,4.5,2023,1,8,0.05,0.05,30933,1549,3593.68,0.3319,1
Apple Watch Sport Loop Band,Consumer Electronics,UAE,AED,45.02,11.33,1.62,14.4,10.7,3.8,0.08,4.5,2516,3,6,0.08,0.093,1513,356,5567.75,0.3474,1
Mechanical Keyboard Combo,Consumer Electronics,UAE,AED,148.77,51.74,1.47,18.1,16.9,8.7,0.08,3.7,1240,4,10,0.08,0.104,6831,242,13479.64,0.3744,1
Wonderchef Non-Stick Tawa,Home & Kitchen,UAE,AED,39.72,8.17,1.08,13.1,7.1,5.7,0.11,4.7,1400,1,8,0.06,0.113,24557,1543,20140.62,0.3286,1
Levi's Slim Fit Stretch Jeans,Apparel & Fashion,US,USD,34.49,8.47,1.77,14.0,7.6,5.0,0.15,4.8,1949,4,10,0.12,0.085,14765,145,1533.25,0.3066,1
Levi's Slim Fit Stretch Jeans,Apparel & Fashion,EU,EUR,33.79,8.87,1.38,13.0,7.5,3.7,0.15,4.7,2989,4,7,0.12,0.077,19362,476,3302.37,0.2053,1
Prestige Mixer Grinder 750W,Home & Kitchen,IN,INR,2826.14,636.51,1.75,21.6,21.3,9.2,0.11,4.1,804,3,8,0.06,0.086,4068,302,336181.88,0.3939,1
Wooden Educational Puzzle,Toys & Games,UAE,AED,20.5,4.21,1.29,18.8,7.2,3.7,0.095,4.5,498,2,6,0.06,0.103,5515,199,643.56,0.1578,1
Coffee Frother Handheld,Home & Kitchen,UAE,AED,28.98,8.92,0.21,26.1,15.9,13.9,0.11,4.9,7904,2,9,0.06,0.066,10134,1212,7695.57,0.2191,1
Power Bank 20000mAh,Consumer Electronics,US,USD,15.03,3.04,0.29,22.3,15.2,9.8,0.08,4.4,4227,3,7,0.08,0.078,22686,682,3019.43,0.2946,1
Polarized UV Sunglasses,Apparel & Fashion,UAE,AED,57.22,15.9,1.56,16.6,15.4,6.0,0.15,4.4,2731,2,7,0.12,0.079,5191,456,7943.99,0.3045,1
Hot Wheels Remote Control Car,Toys & Games,EU,EUR,20.67,6.72,1.03,21.6,13.4,7.1,0.095,3.9,1384,3,6,0.06,0.082,3610,406,1009.53,0.1203,1
Polarized UV Sunglasses,Apparel & Fashion,UAE,AED,46.53,11.0,0.4,9.4,8.6,5.4,0.15,4.8,2055,1,8,0.12,0.083,8101,888,13451.43,0.3256,1
Maybelline Matte Liquid Lipstick,Beauty & Personal Care,US,USD,7.58,2.08,1.54,27.2,9.6,3.9,0.09,4.0,378,3,9,0.04,0.112,38586,211,483.19,0.3021,1
Rubik's Speed Cube 3x3,Toys & Games,US,USD,6.99,1.61,0.48,19.5,8.3,4.6,0.095,4.1,694,2,7,0.06,0.105,1904,282,566.82,0.2876,1
Hot Wheels Remote Control Car,Toys & Games,US,USD,23.45,5.86,0.28,20.5,19.1,15.6,0.095,3.9,1520,2,9,0.06,0.056,19578,667,5634.44,0.3602,1
Mamaearth Vitamin C Face Serum,Beauty & Personal Care,UK,GBP,7.27,1.74,0.11,20.0,15.9,13.2,0.09,4.2,1427,3,7,0.04,0.073,10487,692,1591.6,0.3164,1
L'Oreal Hair Repair Shampoo & Conditioner,Beauty & Personal Care,UK,GBP,6.99,2.21,0.65,26.3,11.6,7.7,0.09,4.4,924,1,6,0.04,0.069,3942,1309,2866.71,0.3133,1
Minimalist Sunscreen SPF 50,Beauty & Personal Care,IN,INR,693.46,140.76,1.28,13.6,6.3,4.3,0.09,4.4,3449,3,10,0.04,0.056,17456,710,175045.36,0.3555,1
L'Oreal Hair Repair Shampoo & Conditioner,Beauty & Personal Care,EU,EUR,8.06,2.75,1.5,8.9,7.4,4.8,0.09,4.3,1077,3,5,0.04,0.08,2799,774,2097.54,0.3362,1
Mechanical Keyboard Combo,Consumer Electronics,UAE,AED,118.4,34.76,1.51,15.9,10.3,6.0,0.08,4.6,2998,1,7,0.08,0.058,9317,459,24902.88,0.4582,1
Hot Wheels Remote Control Car,Toys & Games,UK,GBP,8.49,2.49,0.33,19.5,6.1,4.0,0.095,4.3,6093,1,10,0.06,0.111,2151,775,2131.25,0.3239,1
Mamaearth Vitamin C Face Serum,Beauty & Personal Care,UAE,AED,33.49,10.82,0.3,30.0,12.2,9.7,0.09,4.3,3933,4,8,0.04,0.072,6123,611,5208.51,0.2545,1
Nivea Soft Moisturizing Cream,Beauty & Personal Care,US,USD,6.99,1.45,1.3,19.7,12.5,5.1,0.09,4.1,1557,3,8,0.04,0.068,1906,727,1090.5,0.2146,1
Polarized UV Sunglasses,Apparel & Fashion,EU,EUR,8.98,2.35,0.48,18.8,17.2,13.1,0.15,4.2,2126,2,8,0.12,0.062,5528,907,2040.75,0.2506,1
Charcoal Deep Cleansing Face Wash,Beauty & Personal Care,UAE,AED,14.76,4.85,0.3,20.4,8.0,6.5,0.09,4.4,1354,3,9,0.04,0.115,10861,516,2120.76,0.2785,1
iPhone 20W USB-C Fast Charger Adapter,Consumer Electronics,IN,INR,1526.08,329.68,1.49,17.6,6.8,6.0,0.08,4.2,1856,4,7,0.08,0.112,45769,490,279846.72,0.3742,1
iPhone Tempered Glass Screen Protector (2 Pack),Consumer Electronics,IN,INR,559.31,112.04,0.73,26.0,13.3,9.2,0.08,3.9,3872,4,9,0.08,0.085,85457,286,53662.93,0.3355,1
Samsung Galaxy S24 Armor Cover,Consumer Electronics,UK,GBP,8.28,1.88,0.96,25.9,21.5,17.6,0.08,4.1,3321,2,9,0.08,0.113,3457,374,1069.64,0.3454,1
Hot Wheels Remote Control Car,Toys & Games,US,USD,21.92,7.32,1.6,19.9,15.0,9.5,0.095,5.0,1397,2,8,0.06,0.084,6074,470,2061.65,0.2001,1
Gaming Mouse RGB,Consumer Electronics,EU,EUR,12.32,2.83,1.75,11.4,7.5,5.7,0.08,4.1,2717,3,8,0.08,0.105,6268,302,59.94,0.0161,0
MacBook Air Aluminium Stand,Consumer Electronics,EU,EUR,26.44,8.56,1.28,9.8,7.6,5.6,0.08,4.3,1728,2,6,0.08,0.073,27195,920,4464.03,0.1835,1
Beard Growth Oil,Beauty & Personal Care,IN,INR,346.08,112.75,0.26,26.4,9.1,3.5,0.09,4.3,3927,3,10,0.04,0.075,11224,386,21741.6,0.1628,1
Beard Growth Oil,Beauty & Personal Care,US,USD,6.99,1.76,1.27,24.7,22.0,21.5,0.09,4.7,1101,1,6,0.04,0.097,72604,896,1899.52,0.3033,1
Apple AirPods Pro Wireless Charging Case,Consumer Electronics,IN,INR,4880.23,1587.27,1.63,25.9,15.1,6.0,0.08,4.4,1463,4,7,0.08,0.085,52612,350,613565.03,0.3592,1
LED Desk Lamp with Wireless Charging,Home & Kitchen,IN,INR,1801.6,404.02,0.71,17.3,10.1,8.7,0.11,5.0,3226,2,9,0.06,0.106,19020,471,314473.4,0.3706,1
Wooden Educational Puzzle,Toys & Games,UAE,AED,23.9,5.84,0.17,18.7,10.5,4.9,0.095,4.7,771,1,8,0.06,0.053,1640,1308,7913.03,0.2531,1
Hot Wheels Remote Control Car,Toys & Games,IN,INR,1923.53,565.79,0.63,13.4,6.1,3.7,0.095,4.5,623,1,6,0.06,0.087,6454,879,593258.95,0.3509,1
Rubik's Speed Cube 3x3,Toys & Games,UK,GBP,6.99,1.44,0.13,24.3,11.8,10.0,0.095,3.9,1428,4,5,0.06,0.1,3314,181,347.52,0.2747,1
Wonderchef Non-Stick Tawa,Home & Kitchen,IN,INR,960.58,255.87,1.19,18.9,14.0,9.0,0.11,4.7,1495,1,9,0.06,0.098,9425,1472,403094.13,0.2851,1
MacBook Air Aluminium Stand,Consumer Electronics,IN,INR,1618.14,509.13,1.08,9.6,9.2,3.2,0.08,4.6,4939,3,8,0.08,0.054,9316,734,430939.74,0.3628,1
Wonderchef Non-Stick Tawa,Home & Kitchen,EU,EUR,10.59,2.26,1.05,18.5,7.3,5.6,0.11,4.7,3886,2,8,0.06,0.079,29579,1429,243.69,0.0161,0
Smart Watch Fitness Tracker,Consumer Electronics,US,USD,26.76,5.99,0.83,16.8,12.2,8.4,0.08,4.4,516,1,9,0.08,0.11,51210,532,5092.23,0.3577,1
Rubik's Speed Cube 3x3,Toys & Games,UAE,AED,12.21,4.2,0.24,13.1,6.3,5.3,0.095,4.3,4307,4,9,0.06,0.091,27638,438,1230.78,0.2301,1
Rubik's Speed Cube 3x3,Toys & Games,EU,EUR,6.99,2.35,1.63,29.5,27.2,6.1,0.095,4.3,7383,2,9,0.06,0.083,12063,849,1392.36,0.2346,1
Resistance Loop Bands Set,Sports & Fitness,UK,GBP,6.99,2.34,1.46,11.1,10.0,7.4,0.1,3.9,3296,2,7,0.05,0.099,14667,630,863.1,0.196,1
iPhone Tempered Glass Screen Protector (2 Pack),Consumer Electronics,IN,INR,441.18,101.05,0.44,22.5,21.0,10.3,0.08,4.6,3424,1,6,0.08,0.102,12266,1563,187552.25,0.272,1
Wooden Educational Puzzle,Toys & Games,UAE,AED,30.15,6.66,0.68,16.6,11.4,10.8,0.095,4.3,865,3,6,0.06,0.093,47390,702,6264.21,0.296,1
Nike Air Running Shoes,Apparel & Fashion,UK,GBP,46.38,15.11,0.98,12.6,9.5,6.6,0.15,4.2,1039,2,8,0.12,0.075,9716,964,8346.18,0.1867,1
LEGO Classic Building Blocks Set,Toys & Games,EU,EUR,25.64,8.02,0.54,20.6,19.1,10.7,0.095,4.5,2981,2,8,0.06,0.109,8245,851,3546.47,0.1625,1
Protein Shaker Bottle 700ml,Sports & Fitness,UAE,AED,29.51,7.81,1.01,17.8,12.7,7.6,0.1,5.0,574,3,6,0.05,0.05,18571,368,3018.48,0.278,1
Hot Wheels Remote Control Car,Toys & Games,IN,INR,918.03,308.76,0.45,12.5,7.2,3.1,0.095,4.5,1778,2,8,0.06,0.063,10545,508,139114.55,0.2983,1
Protein Shaker Bottle 700ml,Sports & Fitness,UAE,AED,29.86,7.08,1.34,17.7,9.5,6.0,0.1,4.6,456,2,6,0.05,0.117,31507,354,2449.18,0.2317,1
Sport Socks (3 Pack),Apparel & Fashion,UK,GBP,6.99,2.41,0.9,24.0,12.7,4.8,0.15,4.0,6379,1,7,0.12,0.057,15286,944,1793.6,0.2718,1
L'Oreal Hair Repair Shampoo & Conditioner,Beauty & Personal Care,US,USD,8.69,1.89,1.03,14.3,13.8,11.2,0.09,4.1,366,1,7,0.04,0.067,5178,743,163.87,0.0254,0
Beard Growth Oil,Beauty & Personal Care,US,USD,6.99,2.33,1.27,16.7,10.0,6.2,0.09,4.5,1029,1,6,0.04,0.11,14700,1143,1931.67,0.2418,1
MacBook Air Aluminium Stand,Consumer Electronics,UAE,AED,57.63,18.24,0.92,12.9,7.3,3.7,0.08,4.2,1471,3,8,0.08,0.082,30855,514,10257.69,0.3463,1
Charcoal Deep Cleansing Face Wash,Beauty & Personal Care,US,USD,6.99,1.87,0.11,17.4,12.9,8.5,0.09,4.1,1909,4,8,0.04,0.063,7297,410,861.0,0.3004,1
Decathlon Rubber Dumbbells Set (5kg),Sports & Fitness,EU,EUR,10.56,2.76,1.29,13.0,11.6,8.4,0.1,3.9,1337,4,9,0.05,0.092,18277,252,675.36,0.2538,1
Power Bank 20000mAh,Consumer Electronics,IN,INR,1522.64,353.39,0.09,14.6,12.4,10.5,0.08,4.7,2190,1,8,0.08,0.101,4978,428,257028.09,0.3944,1
Nike Air Running Shoes,Apparel & Fashion,IN,INR,2236.9,687.67,0.67,25.3,12.5,10.8,0.15,4.4,975,1,7,0.12,0.079,21694,629,414299.92,0.2945,1
Minimalist Sunscreen SPF 50,Beauty & Personal Care,IN,INR,382.93,96.76,1.52,9.5,9.3,9.2,0.09,4.3,1048,3,7,0.04,0.104,15973,524,24573.98,0.1225,1
L'Oreal Hair Repair Shampoo & Conditioner,Beauty & Personal Care,UAE,AED,34.11,7.43,1.51,23.5,16.1,14.7,0.09,4.1,1192,4,8,0.04,0.085,44802,108,1189.01,0.3228,1
Bubble Gun Blaster,Toys & Games,IN,INR,337.57,102.83,0.95,8.6,8.4,7.6,0.095,3.9,544,2,8,0.06,0.075,11392,302,12417.01,0.1218,1
Apple Watch Sport Loop Band,Consumer Electronics,EU,EUR,13.98,4.0,1.61,22.3,13.7,12.1,0.08,4.7,867,1,7,0.08,0.059,13894,1340,1142.59,0.061,0
Coffee Frother Handheld,Home & Kitchen,UAE,AED,28.96,9.87,0.17,19.0,10.9,7.9,0.11,4.2,1570,2,9,0.06,0.1,25053,304,1348.38,0.1532,1
Adidas Training Trackpants,Apparel & Fashion,UAE,AED,81.96,28.07,0.66,10.4,8.2,3.4,0.15,4.4,1039,1,9,0.12,0.055,13820,943,24604.77,0.3184,1
Wooden Educational Puzzle,Toys & Games,EU,EUR,6.99,2.35,0.6,17.9,12.5,4.0,0.095,4.3,476,2,8,0.06,0.077,11591,623,1295.84,0.2976,1
Philips Electric Kettle 1.5L,Home & Kitchen,IN,INR,954.48,231.63,1.49,9.8,9.3,3.6,0.11,4.3,1770,4,9,0.06,0.061,4905,130,40961.88,0.3301,1
Minimalist Sunscreen SPF 50,Beauty & Personal Care,IN,INR,393.75,97.2,0.96,21.0,17.8,12.7,0.09,4.0,1313,1,10,0.04,0.079,5159,1017,84156.39,0.2102,1
Rubik's Speed Cube 3x3,Toys & Games,EU,EUR,6.99,2.08,0.43,27.6,24.6,4.7,0.095,4.4,1759,1,6,0.06,0.069,14151,1129,1851.56,0.2346,1
Rubik's Speed Cube 3x3,Toys & Games,IN,INR,255.34,79.8,0.45,26.4,14.6,9.7,0.095,4.0,2588,1,7,0.06,0.08,34369,429,9138.0,0.0834,0
Nivea Soft Moisturizing Cream,Beauty & Personal Care,US,USD,6.99,1.43,0.11,21.7,16.4,7.2,0.09,4.1,2059,3,6,0.04,0.054,5023,737,1805.65,0.3505,1
Nike Air Running Shoes,Apparel & Fashion,US,USD,34.96,11.04,0.46,9.8,9.3,8.4,0.15,4.9,1571,3,7,0.12,0.11,11883,471,4046.38,0.2457,1
MacBook Air Aluminium Stand,Consumer Electronics,IN,INR,1727.06,437.09,1.61,11.6,6.8,5.2,0.08,4.1,1093,4,8,0.08,0.116,16951,182,108549.93,0.3453,1
Boldfit Yoga Mat (6mm),Sports & Fitness,EU,EUR,13.9,3.71,1.69,24.2,14.3,9.4,0.1,4.6,3514,3,9,0.05,0.075,4868,447,245.44,0.0395,0
LEGO Classic Building Blocks Set,Toys & Games,UAE,AED,42.58,8.79,1.58,22.9,17.2,11.7,0.095,4.4,3415,4,9,0.06,0.075,18293,602,9868.24,0.385,1
Cosco Badminton Racket Set,Sports & Fitness,UK,GBP,9.33,2.66,1.0,11.0,9.0,4.9,0.1,4.7,2040,1,8,0.05,0.075,17267,1026,3283.2,0.343,1
Decathlon Rubber Dumbbells Set (5kg),Sports & Fitness,UK,GBP,11.38,3.77,1.67,22.7,21.6,10.4,0.1,4.4,414,3,8,0.05,0.113,10135,410,1287.4,0.2759,1
Levi's Slim Fit Stretch Jeans,Apparel & Fashion,US,USD,21.76,5.88,1.51,8.3,6.6,3.0,0.15,4.9,2754,1,7,0.12,0.116,5614,1312,4895.23,0.1715,1
Bubble Gun Blaster,Toys & Games,US,USD,6.99,2.21,1.07,23.3,22.0,16.5,0.095,4.8,411,1,6,0.06,0.077,4055,722,931.38,0.1845,1
Apple AirPods Pro Wireless Charging Case,Consumer Electronics,IN,INR,2832.45,844.62,1.46,29.7,14.2,9.7,0.08,4.7,489,1,8,0.08,0.11,1975,1178,1139999.11,0.3417,1
Adidas Training Trackpants,Apparel & Fashion,UK,GBP,9.67,2.01,0.66,19.2,13.0,5.7,0.15,4.3,419,2,8,0.12,0.071,8844,558,19.54,0.0036,0
Smart Watch Fitness Tracker,Consumer Electronics,US,USD,25.9,5.69,1.49,29.9,13.9,7.2,0.08,4.8,1096,4,8,0.08,0.113,9879,419,3609.08,0.3326,1
Nike Air Running Shoes,Apparel & Fashion,US,USD,59.28,20.33,1.45,8.9,7.0,4.9,0.15,4.7,2975,4,6,0.12,0.101,5954,713,11262.76,0.2665,1
Levi's Slim Fit Stretch Jeans,Apparel & Fashion,EU,EUR,37.63,11.85,0.7,24.2,7.9,6.9,0.15,3.8,1949,3,8,0.12,0.095,1932,233,1423.19,0.1623,1
Boldfit Yoga Mat (6mm),Sports & Fitness,IN,INR,989.26,282.36,1.59,28.4,17.8,14.2,0.1,4.9,693,2,7,0.05,0.076,1756,894,257091.73,0.2907,1
Boldfit Yoga Mat (6mm),Sports & Fitness,US,USD,14.87,4.84,0.77,17.9,16.1,13.2,0.1,4.1,2053,4,6,0.05,0.089,6693,162,316.4,0.1313,1
Charcoal Deep Cleansing Face Wash,Beauty & Personal Care,IN,INR,474.0,143.73,1.78,24.9,23.8,7.5,0.09,4.3,988,3,10,0.04,0.11,1815,685,36354.02,0.112,0
Levi's Slim Fit Stretch Jeans,Apparel & Fashion,EU,EUR,31.21,7.96,0.79,26.3,12.3,11.8,0.15,4.6,2022,4,6,0.12,0.068,26708,291,2048.66,0.2256,1
Nike Air Running Shoes,Apparel & Fashion,IN,INR,5474.76,1365.21,1.0,9.4,6.7,4.8,0.15,4.5,2123,3,8,0.12,0.116,14335,600,1071767.88,0.3263,1
Sport Socks (3 Pack),Apparel & Fashion,UAE,AED,21.63,6.41,0.13,23.9,22.2,18.3,0.15,4.9,7286,2,9,0.12,0.056,6165,1263,2967.27,0.1086,0
Polarized UV Sunglasses,Apparel & Fashion,UK,GBP,10.88,3.17,0.34,12.5,10.0,3.9,0.15,4.6,944,4,7,0.12,0.084,5107,561,1503.48,0.2463,1
Bubble Gun Blaster,Toys & Games,US,USD,6.99,2.19,1.63,28.1,23.2,7.6,0.095,4.4,578,2,7,0.06,0.1,2129,723,1626.75,0.3219,1
Samsung Galaxy S24 Armor Cover,Consumer Electronics,US,USD,8.31,2.2,1.23,17.4,11.0,3.5,0.08,4.8,4050,1,7,0.08,0.079,18478,1024,2897.92,0.3406,1
Cosco Badminton Racket Set,Sports & Fitness,US,USD,12.14,3.23,1.45,21.4,7.7,6.0,0.1,4.4,1479,1,6,0.05,0.111,6088,802,507.23,0.0521,0
Gaming Mouse RGB,Consumer Electronics,EU,EUR,13.43,4.45,0.37,17.4,8.1,6.9,0.08,3.8,1022,4,7,0.08,0.11,19215,257,54.69,0.0158,0
Apple AirPods Pro Wireless Charging Case,Consumer Electronics,EU,EUR,52.11,17.47,0.65,29.0,6.6,4.4,0.08,4.3,828,2,8,0.08,0.071,9575,689,9681.68,0.2697,1
Maybelline Matte Liquid Lipstick,Beauty & Personal Care,UK,GBP,6.99,2.34,1.24,12.5,12.1,5.4,0.09,4.1,574,2,8,0.04,0.071,14477,355,791.65,0.319,1
iPhone 15 Pro Max Clear MagSafe Case,Consumer Electronics,EU,EUR,15.79,3.78,0.5,29.2,6.2,5.8,0.08,4.2,2191,2,5,0.08,0.091,12798,485,1323.24,0.1728,1
Beard Growth Oil,Beauty & Personal Care,UAE,AED,20.54,4.24,0.1,18.1,7.6,6.1,0.09,4.3,680,3,6,0.04,0.088,1827,201,863.29,0.2091,1
LEGO Classic Building Blocks Set,Toys & Games,UK,GBP,9.22,3.16,0.32,23.6,7.2,3.5,0.095,3.5,4891,1,8,0.06,0.116,14401,867,2054.79,0.257,1
Microfiber Cleaning Cloths (6 Pack),Home & Kitchen,UAE,AED,17.8,6.09,1.12,20.7,9.4,3.3,0.11,4.4,1226,4,8,0.06,0.058,1892,485,31.53,0.0037,0
Protein Shaker Bottle 700ml,Sports & Fitness,IN,INR,632.6,139.83,1.6,24.1,9.0,6.4,0.1,4.1,3290,1,7,0.05,0.078,4106,700,122199.21,0.276,1
Rubik's Speed Cube 3x3,Toys & Games,UK,GBP,6.99,2.31,0.7,28.9,27.7,6.6,0.095,4.5,1098,2,7,0.06,0.05,14245,465,1027.65,0.3162,1
Puma Premium Cotton T-Shirt,Apparel & Fashion,EU,EUR,6.99,1.51,1.67,24.5,16.9,13.7,0.15,4.9,1047,4,7,0.12,0.067,9118,528,1277.76,0.3462,1
Adidas Training Trackpants,Apparel & Fashion,EU,EUR,16.02,5.42,1.68,13.3,11.8,6.8,0.15,4.4,2395,3,8,0.12,0.083,4612,335,1353.4,0.2522,1
Apple AirPods Pro Wireless Charging Case,Consumer Electronics,US,USD,52.23,15.19,1.26,14.2,9.9,3.3,0.08,4.4,629,2,7,0.08,0.096,23207,691,13891.64,0.3849,1
iPhone Tempered Glass Screen Protector (2 Pack),Consumer Electronics,UAE,AED,16.45,5.17,1.26,15.1,11.0,4.2,0.08,4.7,1170,1,7,0.08,0.109,4482,1053,4833.27,0.279,1
L'Oreal Hair Repair Shampoo & Conditioner,Beauty & Personal Care,US,USD,7.76,2.02,0.29,17.2,6.8,3.4,0.09,3.9,4246,3,7,0.04,0.076,12077,621,1446.93,0.3003,1
Smart Watch Fitness Tracker,Consumer Electronics,UK,GBP,19.73,6.73,0.99,26.3,13.4,4.0,0.08,4.0,1830,3,7,0.08,0.119,25313,410,650.14,0.0804,0
Nivea Soft Moisturizing Cream,Beauty & Personal Care,US,USD,6.99,1.92,1.68,27.6,23.0,8.9,0.09,3.9,1230,4,8,0.04,0.084,33190,379,663.25,0.2504,1
iPhone 20W USB-C Fast Charger Adapter,Consumer Electronics,EU,EUR,7.91,2.6,0.38,21.7,6.4,4.4,0.08,3.9,3882,2,7,0.08,0.111,2685,382,867.14,0.287,1
Bubble Gun Blaster,Toys & Games,EU,EUR,6.99,2.1,0.14,10.9,9.4,4.4,0.095,4.9,652,1,7,0.06,0.093,6786,1227,2748.48,0.3205,1
Nike Air Running Shoes,Apparel & Fashion,US,USD,57.07,14.75,1.04,20.7,8.4,5.2,0.15,4.1,2497,1,5,0.12,0.084,6367,1272,26606.7,0.3665,1
Adidas Training Trackpants,Apparel & Fashion,US,USD,18.62,5.92,1.02,20.0,6.7,4.5,0.15,4.6,2041,1,7,0.12,0.074,27203,1025,2851.59,0.1494,1
Nike Air Running Shoes,Apparel & Fashion,EU,EUR,65.91,14.77,0.66,15.4,6.4,5.0,0.15,4.3,2370,1,9,0.12,0.094,3628,711,14257.0,0.3042,1
Minimalist Sunscreen SPF 50,Beauty & Personal Care,UK,GBP,6.99,2.29,1.26,8.4,6.5,3.2,0.09,4.9,525,2,8,0.04,0.109,17895,777,1872.57,0.3448,1
Maybelline Matte Liquid Lipstick,Beauty & Personal Care,IN,INR,386.66,129.6,0.3,16.6,15.0,13.9,0.09,5.0,2197,2,8,0.04,0.108,24755,434,24388.07,0.1453,1
iPhone 15 Pro Max Clear MagSafe Case,Consumer Electronics,IN,INR,1128.4,301.95,0.81,19.2,18.5,11.5,0.08,4.6,2055,2,8,0.08,0.092,29118,844,329939.01,0.3464,1
Coffee Frother Handheld,Home & Kitchen,US,USD,7.58,1.66,1.54,17.1,8.8,8.0,0.11,4.8,808,4,7,0.06,0.05,2978,367,858.78,0.3087,1
LEGO Classic Building Blocks Set,Toys & Games,EU,EUR,15.64,4.17,0.23,14.3,12.5,4.4,0.095,4.6,2058,3,8,0.06,0.107,5541,263,463.81,0.1128,0
iPhone 20W USB-C Fast Charger Adapter,Consumer Electronics,IN,INR,1772.45,544.61,1.18,22.6,12.9,3.4,0.08,4.6,1310,2,9,0.08,0.113,6380,561,311485.26,0.3133,1
Philips Electric Kettle 1.5L,Home & Kitchen,UK,GBP,16.41,5.24,0.97,10.9,7.1,5.7,0.11,4.7,4842,3,7,0.06,0.106,23261,558,419.37,0.0458,0
Wireless Noise Cancelling Earbuds,Consumer Electronics,IN,INR,1701.88,383.03,0.14,16.5,15.5,6.0,0.08,4.3,4097,1,7,0.08,0.06,5983,988,750944.54,0.4466,1
Resistance Loop Bands Set,Sports & Fitness,US,USD,6.99,1.45,0.28,9.6,8.7,5.8,0.1,4.1,4316,4,5,0.05,0.114,31740,438,718.32,0.2346,1
Samsung Galaxy S24 Armor Cover,Consumer Electronics,UK,GBP,7.44,2.17,1.15,18.6,11.0,10.9,0.08,4.3,2299,4,9,0.08,0.069,7583,151,279.35,0.2487,1
Nike Air Running Shoes,Apparel & Fashion,US,USD,27.03,8.71,0.7,20.8,7.1,3.7,0.15,4.5,4852,2,9,0.12,0.12,6469,676,3427.63,0.1876,1
Adidas Training Trackpants,Apparel & Fashion,EU,EUR,24.97,8.73,1.16,25.5,21.2,9.5,0.15,4.8,2097,2,8,0.12,0.051,3684,652,1627.85,0.1,0
Protein Shaker Bottle 700ml,Sports & Fitness,IN,INR,392.19,131.71,0.14,12.8,8.1,6.1,0.1,4.0,619,2,8,0.05,0.067,5928,494,34471.7,0.1779,1
L'Oreal Hair Repair Shampoo & Conditioner,Beauty & Personal Care,EU,EUR,9.59,2.59,0.18,24.0,11.9,8.8,0.09,4.6,2568,4,5,0.04,0.115,7208,265,657.2,0.2586,1
Apple Watch Sport Loop Band,Consumer Electronics,IN,INR,1240.74,415.91,0.23,10.9,8.4,3.6,0.08,4.1,1866,4,7,0.08,0.116,8085,514,179653.79,0.2817,1
Mamaearth Vitamin C Face Serum,Beauty & Personal Care,US,USD,7.6,2.5,0.28,23.2,13.0,5.1,0.09,4.2,2133,2,7,0.04,0.068,3306,477,1187.73,0.3276,1
Samsung Galaxy S24 Armor Cover,Consumer Electronics,UAE,AED,39.2,11.2,1.06,17.0,8.1,6.8,0.08,4.1,899,3,8,0.08,0.083,18761,382,4615.78,0.3082,1
Resistance Loop Bands Set,Sports & Fitness,UK,GBP,6.99,2.07,1.31,14.4,8.7,5.5,0.1,4.3,358,3,8,0.05,0.053,3199,251,474.39,0.2704,1
Cosco Badminton Racket Set,Sports & Fitness,UAE,AED,75.82,23.54,0.45,16.8,11.5,9.9,0.1,5.0,527,4,8,0.05,0.09,9411,243,6688.53,0.363,1
Philips Electric Kettle 1.5L,Home & Kitchen,EU,EUR,16.85,4.02,0.17,8.2,6.0,3.0,0.11,4.3,725,3,7,0.06,0.119,3408,319,712.25,0.1325,1
Philips Electric Kettle 1.5L,Home & Kitchen,UAE,AED,63.36,20.83,1.25,14.5,10.8,8.6,0.11,4.7,3419,3,9,0.06,0.111,9366,717,12942.55,0.2849,1
Minimalist Sunscreen SPF 50,Beauty & Personal Care,IN,INR,573.55,185.1,0.09,29.8,10.4,6.5,0.09,4.3,1321,3,8,0.04,0.059,4229,407,62917.82,0.2695,1
Prestige Mixer Grinder 750W,Home & Kitchen,UAE,AED,137.91,35.31,1.79,29.9,8.7,7.1,0.11,4.3,1437,1,7,0.06,0.09,21283,492,29978.68,0.4418,1
Rubik's Speed Cube 3x3,Toys & Games,US,USD,6.99,2.36,1.21,17.6,15.2,13.0,0.095,4.1,4472,3,6,0.06,0.062,9973,183,404.43,0.3162,1
LEGO Classic Building Blocks Set,Toys & Games,UAE,AED,103.74,35.06,1.0,10.2,8.5,7.3,0.095,4.4,3617,2,7,0.06,0.097,2411,1272,47073.16,0.3567,1
Nivea Soft Moisturizing Cream,Beauty & Personal Care,UAE,AED,22.8,7.34,0.62,29.4,12.7,11.6,0.09,4.5,1593,2,8,0.04,0.058,7678,747,2732.44,0.1604,1
LED Desk Lamp with Wireless Charging,Home & Kitchen,US,USD,19.89,6.24,1.65,8.3,7.9,7.6,0.11,4.3,477,3,8,0.06,0.051,15407,483,2027.31,0.211,1
Boldfit Yoga Mat (6mm),Sports & Fitness,EU,EUR,16.34,4.24,0.65,21.7,19.0,18.0,0.1,4.3,1861,3,9,0.05,0.11,4919,494,937.26,0.1161,0
Decathlon Rubber Dumbbells Set (5kg),Sports & Fitness,UAE,AED,49.11,9.82,1.32,10.4,7.1,4.2,0.1,3.8,2034,2,9,0.05,0.054,11182,250,5377.09,0.438,1
Cosco Badminton Racket Set,Sports & Fitness,UK,GBP,10.22,2.5,0.2,27.7,21.0,5.2,0.1,4.2,2164,2,10,0.05,0.103,10597,903,195.96,0.0212,0
iPhone 20W USB-C Fast Charger Adapter,Consumer Electronics,UK,GBP,11.25,2.27,1.67,21.3,9.1,8.6,0.08,4.6,2947,1,7,0.08,0.066,55868,445,351.63,0.0702,0
Decathlon Rubber Dumbbells Set (5kg),Sports & Fitness,US,USD,15.28,5.05,0.09,8.5,7.2,4.0,0.1,4.6,470,1,10,0.05,0.061,4374,658,1778.78,0.1769,1
Maybelline Matte Liquid Lipstick,Beauty & Personal Care,UAE,AED,30.94,8.12,0.24,18.7,7.2,3.5,0.09,4.6,4227,3,7,0.04,0.108,5952,488,3898.1,0.2582,1
Coffee Frother Handheld,Home & Kitchen,UAE,AED,23.74,7.32,1.79,10.9,6.2,5.2,0.11,4.5,2051,2,8,0.06,0.117,35817,751,1194.23,0.067,0
Rubik's Speed Cube 3x3,Toys & Games,EU,EUR,6.99,2.29,0.61,12.3,9.5,5.9,0.095,4.7,499,3,7,0.06,0.072,15142,415,601.75,0.2074,1
iPhone Tempered Glass Screen Protector (2 Pack),Consumer Electronics,IN,INR,557.18,148.84,1.66,18.3,9.4,3.9,0.08,4.4,520,2,7,0.08,0.077,6015,652,83051.83,0.2286,1
Cosco Badminton Racket Set,Sports & Fitness,IN,INR,909.27,287.52,1.71,10.2,6.7,6.6,0.1,4.5,921,1,7,0.05,0.096,5385,342,71612.36,0.2303,1
Wooden Educational Puzzle,Toys & Games,EU,EUR,7.66,2.14,1.68,17.4,15.9,8.8,0.095,4.6,3171,1,7,0.06,0.065,2556,1199,2961.53,0.3225,1
Puma Premium Cotton T-Shirt,Apparel & Fashion,EU,EUR,6.99,1.47,0.77,20.7,18.6,18.2,0.15,4.2,2424,2,7,0.12,0.09,6680,611,1136.46,0.2661,1
Wooden Educational Puzzle,Toys & Games,US,USD,6.99,2.19,1.02,27.3,17.6,6.5,0.095,4.5,697,4,9,0.06,0.094,27547,254,457.2,0.2575,1
Microfiber Cleaning Cloths (6 Pack),Home & Kitchen,EU,EUR,6.99,1.5,0.76,29.6,25.1,6.5,0.11,4.1,1926,3,6,0.06,0.103,11483,616,1367.52,0.3176,1
Bubble Gun Blaster,Toys & Games,US,USD,6.99,1.53,1.05,29.0,24.2,15.3,0.095,4.6,1188,2,8,0.06,0.073,29374,1197,1963.08,0.2346,1
Sport Socks (3 Pack),Apparel & Fashion,UK,GBP,6.99,1.83,0.34,29.1,15.3,13.8,0.15,4.5,386,3,6,0.12,0.103,15253,482,636.24,0.1888,1
Microfiber Cleaning Cloths (6 Pack),Home & Kitchen,US,USD,6.99,1.48,0.58,21.8,14.9,10.3,0.11,3.9,770,1,8,0.06,0.06,14917,901,1333.48,0.2117,1
Charcoal Deep Cleansing Face Wash,Beauty & Personal Care,UAE,AED,12.86,4.26,1.36,22.5,12.7,5.5,0.09,4.6,2484,1,7,0.04,0.071,4380,889,2275.84,0.1991,1
Cosco Badminton Racket Set,Sports & Fitness,US,USD,18.65,4.48,1.49,29.9,7.8,5.3,0.1,4.6,2490,2,8,0.05,0.074,14153,742,3558.78,0.2572,1
Wireless Noise Cancelling Earbuds,Consumer Electronics,UAE,AED,129.25,32.2,1.67,13.9,13.8,10.2,0.08,5.0,827,2,7,0.08,0.069,3195,370,23675.58,0.4951,1
LEGO Classic Building Blocks Set,Toys & Games,EU,EUR,17.14,5.39,1.13,10.3,9.7,7.0,0.095,4.4,638,2,8,0.06,0.083,1901,723,1007.69,0.0813,0
Nike Air Running Shoes,Apparel & Fashion,EU,EUR,24.87,5.46,0.51,17.5,11.6,4.2,0.15,4.7,873,1,10,0.12,0.051,8459,367,2312.56,0.2534,1
Maybelline Matte Liquid Lipstick,Beauty & Personal Care,EU,EUR,6.99,1.79,1.16,20.0,9.2,5.1,0.09,4.7,2448,3,8,0.04,0.089,7858,500,1150.0,0.329,1
Microfiber Cleaning Cloths (6 Pack),Home & Kitchen,US,USD,6.99,2.43,1.22,23.0,6.6,5.2,0.11,4.1,838,1,7,0.06,0.112,8968,725,971.5,0.1917,1
Levi's Slim Fit Stretch Jeans,Apparel & Fashion,EU,EUR,33.74,10.31,1.14,19.2,11.7,8.2,0.15,3.9,1245,1,8,0.12,0.106,6350,342,1588.95,0.1377,1
L'Oreal Hair Repair Shampoo & Conditioner,Beauty & Personal Care,IN,INR,738.75,182.71,1.44,10.9,9.7,3.5,0.09,3.9,747,4,9,0.04,0.093,68409,244,51093.57,0.2835,1
L'Oreal Hair Repair Shampoo & Conditioner,Beauty & Personal Care,US,USD,10.6,3.13,0.84,18.8,14.7,4.2,0.09,4.2,464,4,7,0.04,0.064,23004,254,182.29,0.0677,0
Resistance Loop Bands Set,Sports & Fitness,EU,EUR,6.99,1.75,0.22,20.1,9.8,7.2,0.1,4.4,5542,1,6,0.05,0.104,7184,1556,3796.64,0.3491,1
Decathlon Rubber Dumbbells Set (5kg),Sports & Fitness,UK,GBP,9.56,1.99,1.55,28.4,8.0,3.6,0.1,4.7,2595,2,8,0.05,0.087,14182,1178,2626.94,0.2333,1
iPhone 15 Pro Max Clear MagSafe Case,Consumer Electronics,UK,GBP,11.26,3.15,1.5,29.6,15.7,12.7,0.08,4.5,1046,3,7,0.08,0.053,14705,409,75.81,0.0165,0
Puma Premium Cotton T-Shirt,Apparel & Fashion,IN,INR,582.48,197.23,0.21,28.5,21.9,9.2,0.15,4.8,1729,1,7,0.12,0.097,10866,870,78560.06,0.155,1
Nike Air Running Shoes,Apparel & Fashion,IN,INR,6455.43,1498.23,0.8,14.4,12.4,10.2,0.15,4.3,367,4,7,0.12,0.08,63882,229,562583.75,0.3806,1
LEGO Classic Building Blocks Set,Toys & Games,US,USD,21.33,5.09,1.61,18.8,13.7,4.0,0.095,4.6,1685,1,7,0.06,0.074,35275,1107,6918.03,0.293,1
Protein Shaker Bottle 700ml,Sports & Fitness,EU,EUR,6.99,1.93,1.73,11.8,10.2,7.4,0.1,4.1,915,4,9,0.05,0.098,9117,165,244.2,0.2117,1
Beard Growth Oil,Beauty & Personal Care,IN,INR,251.49,86.89,0.82,29.3,9.3,6.7,0.09,4.6,2646,2,7,0.04,0.058,4530,1259,11150.16,0.0352,0
Mamaearth Vitamin C Face Serum,Beauty & Personal Care,UAE,AED,28.25,9.83,1.6,29.0,13.9,4.2,0.09,4.4,2714,1,6,0.04,0.061,6973,1122,5357.11,0.169,1
Nike Air Running Shoes,Apparel & Fashion,IN,INR,3666.17,1097.24,0.88,25.9,9.1,7.8,0.15,4.7,786,2,8,0.12,0.073,4828,742,869871.03,0.3198,1
Bubble Gun Blaster,Toys & Games,UK,GBP,6.99,2.21,0.33,18.2,15.5,7.2,0.095,4.3,1757,3,8,0.06,0.061,7648,726,1154.34,0.2275,1
Nike Air Running Shoes,Apparel & Fashion,EU,EUR,63.9,13.26,0.76,16.1,8.9,8.4,0.15,4.5,3816,1,10,0.12,0.072,11225,1104,23984.88,0.34,1
Minimalist Sunscreen SPF 50,Beauty & Personal Care,IN,INR,520.35,139.67,0.43,24.6,14.4,13.9,0.09,4.7,4588,4,6,0.04,0.096,26101,678,93058.98,0.2638,1
MacBook Air Aluminium Stand,Consumer Electronics,US,USD,18.32,5.31,0.35,19.8,9.2,7.6,0.08,3.7,819,1,8,0.08,0.12,2123,221,895.13,0.2211,1
Apple Watch Sport Loop Band,Consumer Electronics,UK,GBP,6.99,2.42,1.76,22.4,20.4,6.7,0.08,4.8,1035,4,8,0.08,0.118,3782,348,629.88,0.2589,1
iPhone 15 Pro Max Clear MagSafe Case,Consumer Electronics,US,USD,16.02,5.2,0.87,21.1,10.0,7.5,0.08,4.4,785,2,9,0.08,0.117,7142,604,1345.39,0.139,1
Hot Wheels Remote Control Car,Toys & Games,US,USD,12.1,2.86,1.51,21.5,20.2,7.0,0.095,4.4,2130,1,8,0.06,0.072,22807,1357,1940.75,0.1182,0
Apple Watch Sport Loop Band,Consumer Electronics,UK,GBP,6.99,2.25,0.6,11.3,7.2,5.0,0.08,3.9,633,4,7,0.08,0.103,22557,396,637.56,0.2303,1
Beard Growth Oil,Beauty & Personal Care,UK,GBP,6.99,1.63,0.32,20.1,14.5,11.1,0.09,4.0,951,3,9,0.04,0.098,4846,311,528.7,0.2432,1
Bubble Gun Blaster,Toys & Games,IN,INR,380.63,81.17,1.51,26.8,10.6,3.5,0.095,4.2,1099,4,8,0.06,0.054,23543,182,13744.51,0.1984,1
Adidas Training Trackpants,Apparel & Fashion,US,USD,26.02,6.01,0.66,11.0,6.4,6.4,0.15,4.6,2525,3,10,0.12,0.109,1733,851,6210.5,0.2805,1
Maybelline Matte Liquid Lipstick,Beauty & Personal Care,US,USD,6.99,2.08,0.73,29.6,21.7,20.9,0.09,4.5,931,3,7,0.04,0.119,11669,259,569.8,0.3147,1
Nivea Soft Moisturizing Cream,Beauty & Personal Care,UK,GBP,6.99,1.89,1.78,17.4,12.9,3.5,0.09,4.5,1126,2,9,0.04,0.051,1678,769,968.94,0.1803,1
Boldfit Yoga Mat (6mm),Sports & Fitness,EU,EUR,12.68,2.9,0.41,22.4,6.9,4.2,0.1,4.5,1976,2,6,0.05,0.1,2808,485,577.37,0.0939,0
Gaming Mouse RGB,Consumer Electronics,IN,INR,1009.16,266.34,1.71,12.8,7.7,3.5,0.08,4.9,1894,3,9,0.08,0.11,3521,639,187713.0,0.2911,1
Charcoal Deep Cleansing Face Wash,Beauty & Personal Care,UAE,AED,14.09,4.22,1.13,19.7,15.4,10.9,0.09,4.5,2611,2,9,0.04,0.067,34046,954,3300.84,0.2456,1
Samsung Galaxy S24 Armor Cover,Consumer Electronics,UAE,AED,49.22,15.2,0.18,20.8,7.9,7.7,0.08,4.4,544,4,8,0.08,0.092,1997,229,3689.18,0.3273,1
Wooden Educational Puzzle,Toys & Games,UAE,AED,26.0,6.71,0.25,25.6,23.9,18.8,0.095,4.2,808,2,8,0.06,0.065,42868,775,5103.36,0.2533,1
Levi's Slim Fit Stretch Jeans,Apparel & Fashion,UK,GBP,28.48,9.46,1.18,16.5,10.5,3.6,0.15,4.9,1573,4,5,0.12,0.069,10408,409,1458.16,0.1252,1
Protein Shaker Bottle 700ml,Sports & Fitness,IN,INR,454.37,146.81,0.86,21.3,19.7,17.5,0.1,4.3,403,2,8,0.05,0.068,35112,367,31120.48,0.1866,1
Mamaearth Vitamin C Face Serum,Beauty & Personal Care,IN,INR,658.7,139.81,0.31,11.4,9.4,7.7,0.09,4.2,762,2,6,0.04,0.075,13483,886,211475.64,0.3624,1
Prestige Mixer Grinder 750W,Home & Kitchen,US,USD,49.03,13.41,0.13,9.4,7.8,6.5,0.11,4.6,2846,1,6,0.06,0.079,8745,1355,26285.66,0.3957,1
Gaming Mouse RGB,Consumer Electronics,UK,GBP,17.12,5.39,1.79,15.6,9.9,4.1,0.08,4.6,4084,4,6,0.08,0.078,6198,233,315.36,0.0791,0
Rubik's Speed Cube 3x3,Toys & Games,US,USD,6.99,1.7,0.48,24.2,6.1,4.7,0.095,4.2,1736,3,9,0.06,0.097,9764,575,960.25,0.2389,1
LEGO Classic Building Blocks Set,Toys & Games,EU,EUR,27.33,8.58,0.63,10.3,6.3,3.3,0.095,4.2,966,1,8,0.06,0.103,21673,518,2469.87,0.1745,1
Resistance Loop Bands Set,Sports & Fitness,UK,GBP,6.99,1.66,1.33,24.5,13.4,5.2,0.1,4.6,1880,3,8,0.05,0.062,9301,720,1411.2,0.2804,1
Resistance Loop Bands Set,Sports & Fitness,EU,EUR,7.47,2.07,1.48,23.9,17.0,5.1,0.1,4.4,799,1,6,0.05,0.103,3625,1015,2496.9,0.3293,1
Protein Shaker Bottle 700ml,Sports & Fitness,UAE,AED,16.29,5.21,0.87,15.2,7.5,3.8,0.1,4.6,545,4,10,0.05,0.058,20563,128,13.32,0.0064,0
Mamaearth Vitamin C Face Serum,Beauty & Personal Care,IN,INR,683.75,142.74,1.04,9.9,9.5,8.9,0.09,4.5,2852,2,8,0.04,0.108,6615,847,178889.6,0.3089,1
Protein Shaker Bottle 700ml,Sports & Fitness,UAE,AED,16.94,4.22,1.16,11.8,7.5,5.1,0.1,4.5,4199,1,6,0.05,0.102,13736,1247,738.12,0.0349,0
Boldfit Yoga Mat (6mm),Sports & Fitness,IN,INR,1038.15,236.68,1.62,13.5,6.7,5.8,0.1,4.3,393,3,6,0.05,0.06,2283,215,80094.94,0.3588,1
Adidas Training Trackpants,Apparel & Fashion,UAE,AED,85.51,27.84,0.72,27.2,10.5,5.4,0.15,4.5,1166,3,6,0.12,0.093,12546,702,18015.71,0.3001,1
Wooden Educational Puzzle,Toys & Games,UK,GBP,6.99,2.38,0.59,15.9,13.1,9.2,0.095,4.3,1296,4,6,0.06,0.079,37657,175,378.0,0.309,1
Milton Insulated Water Bottle 1L,Home & Kitchen,IN,INR,665.61,201.02,1.62,11.0,7.3,5.3,0.11,4.4,1017,4,8,0.06,0.07,23454,175,24944.81,0.2142,1
Protein Shaker Bottle 700ml,Sports & Fitness,US,USD,8.11,2.13,1.72,26.1,15.7,11.6,0.1,4.9,439,4,5,0.05,0.099,25282,131,340.6,0.3206,1
Nivea Soft Moisturizing Cream,Beauty & Personal Care,IN,INR,320.12,79.57,0.91,21.1,10.3,7.3,0.09,4.3,353,2,7,0.04,0.057,47074,732,42607.38,0.1818,1
Wooden Educational Puzzle,Toys & Games,IN,INR,541.13,149.84,0.33,20.1,8.0,6.1,0.095,4.1,1001,3,7,0.06,0.062,9066,343,53886.09,0.2903,1
MacBook Air Aluminium Stand,Consumer Electronics,EU,EUR,15.93,4.75,1.66,16.8,8.1,4.4,0.08,4.5,1260,3,9,0.08,0.06,6069,483,677.34,0.088,0
Adidas Training Trackpants,Apparel & Fashion,EU,EUR,26.46,8.8,0.22,19.4,9.0,5.5,0.15,4.4,960,1,9,0.12,0.065,15213,1131,3998.3,0.1336,1
Milton Insulated Water Bottle 1L,Home & Kitchen,US,USD,7.85,1.83,0.65,29.1,18.0,9.0,0.11,4.9,973,4,8,0.06,0.063,16819,443,1045.48,0.3006,1
Sport Socks (3 Pack),Apparel & Fashion,EU,EUR,6.99,1.79,0.21,29.1,16.0,11.1,0.15,4.6,694,4,10,0.12,0.103,12771,472,868.48,0.2632,1
